{
"type": "FeatureCollection",
"name": "oxford_uk_hazard_points",
"crs": { "type": "name", "properties": { "name": "urn:ogc:def:crs:OGC:1.3:CRS84" } },
"features": [
{ "type": "Feature", "properties": { "junction_id": 213302, "junction_lat": 51.7627685, "junction_lon": -1.1825203, "warning_lat": 51.7629856, "warning_lon": -1.1820513, "danger_score": 0.9232, "junction_type": "T-junction", "merge_type": "minor_to_major", "street_count": 3, "approach_bearing": 233.2, "road_name": "Merewood Avenue", "road_type": "residential", "major_road_class": 9, "minor_road_class": 2 }, "geometry": { "type": "Point", "coordinates": [ -1.1820513, 51.7629856 ] } },
{ "type": "Feature", "properties": { "junction_id": 213309, "junction_lat": 51.7627797, "junction_lon": -1.1812265, "warning_lat": 51.7628016, "warning_lon": -1.1818468, "danger_score": 0.9399, "junction_type": "T-junction", "merge_type": "minor_to_major", "street_count": 3, "approach_bearing": 93.3, "road_name": "Merewood Avenue", "road_type": "residential", "major_road_class": 9, "minor_road_class": 2 }, "geometry": { "type": "Point", "coordinates": [ -1.1818468, 51.7628016 ] } },
{ "type": "Feature", "properties": { "junction_id": 213313, "junction_lat": 51.762403, "junction_lon": -1.191741, "warning_lat": 51.7622076, "warning_lon": -1.1917759, "danger_score": 0.7, "junction_type": "T-junction", "merge_type": "minor_to_major", "street_count": 3, "approach_bearing": 6.3, "road_name": "Collinwood Road", "road_type": "residential", "major_road_class": 9, "minor_road_class": 2 }, "geometry": { "type": "Point", "coordinates": [ -1.1917759, 51.7622076 ] } },
{ "type": "Feature", "properties": { "junction_id": 213315, "junction_lat": 51.7628248, "junction_lon": -1.195089, "warning_lat": 51.7628016, "warning_lon": -1.1955996, "danger_score": 0.9647, "junction_type": "T-junction", "merge_type": "minor_to_major", "street_count": 3, "approach_bearing": 85.8, "road_name": "Unnamed", "road_type": "trunk_link", "major_road_class": 9, "minor_road_class": 0 }, "geometry": { "type": "Point", "coordinates": [ -1.1955996, 51.7628016 ] } },
{ "type": "Feature", "properties": { "junction_id": 213361, "junction_lat": 51.762105, "junction_lon": -1.2026925, "warning_lat": 51.762760419542417, "warning_lon": -1.2029491831785288, "danger_score": 0.7, "junction_type": "T-junction", "merge_type": "minor_to_major", "street_count": 3, "approach_bearing": 166.4, "road_name": "Barton Road", "road_type": "residential", "major_road_class": 8, "minor_road_class": 2 }, "geometry": { "type": "Point", "coordinates": [ -1.202949183178529, 51.762760419542417 ] } },
{ "type": "Feature", "properties": { "junction_id": 213362, "junction_lat": 51.761836, "junction_lon": -1.2043351, "warning_lat": 51.761179831039811, "warning_lon": -1.2040877503088565, "danger_score": 0.7179, "junction_type": "T-junction", "merge_type": "minor_to_major", "street_count": 3, "approach_bearing": 346.9, "road_name": "Ramsay Road", "road_type": "residential", "major_road_class": 8, "minor_road_class": 2 }, "geometry": { "type": "Point", "coordinates": [ -1.204087750308857, 51.761179831039811 ] } },
{ "type": "Feature", "properties": { "junction_id": 213364, "junction_lat": 51.7612355, "junction_lon": -1.2071038, "warning_lat": 51.760620024282829, "warning_lon": -1.2066580350940024, "danger_score": 0.716, "junction_type": "T-junction", "merge_type": "minor_to_major", "street_count": 3, "approach_bearing": 335.9, "road_name": "Wharton Road", "road_type": "residential", "major_road_class": 8, "minor_road_class": 2 }, "geometry": { "type": "Point", "coordinates": [ -1.206658035094002, 51.760620024282829 ] } },
{ "type": "Feature", "properties": { "junction_id": 213378, "junction_lat": 51.7604285, "junction_lon": -1.2099607, "warning_lat": 51.75981582897618, "warning_lon": -1.2095050778568723, "danger_score": 0.7035, "junction_type": "T-junction", "merge_type": "minor_to_major", "street_count": 3, "approach_bearing": 335.3, "road_name": "Holyoake Road", "road_type": "residential", "major_road_class": 8, "minor_road_class": 2 }, "geometry": { "type": "Point", "coordinates": [ -1.209505077856872, 51.75981582897618 ] } },
{ "type": "Feature", "properties": { "junction_id": 213379, "junction_lat": 51.7601819, "junction_lon": -1.210992, "warning_lat": 51.759564948874562, "warning_lon": -1.2105523247434082, "danger_score": 0.7702, "junction_type": "Crossroads", "merge_type": "minor_to_major", "street_count": 4, "approach_bearing": 336.2, "road_name": "Windmill Road", "road_type": "secondary", "major_road_class": 8, "minor_road_class": 6 }, "geometry": { "type": "Point", "coordinates": [ -1.210552324743408, 51.759564948874562 ] } },
{ "type": "Feature", "properties": { "junction_id": 213379, "junction_lat": 51.7601819, "junction_lon": -1.210992, "warning_lat": 51.760813576618794, "warning_lon": -1.2113595843205895, "danger_score": 0.7702, "junction_type": "Crossroads", "merge_type": "minor_to_major", "street_count": 4, "approach_bearing": 160.2, "road_name": "Old High Street", "road_type": "residential", "major_road_class": 8, "minor_road_class": 2 }, "geometry": { "type": "Point", "coordinates": [ -1.21135958432059, 51.760813576618794 ] } },
{ "type": "Feature", "properties": { "junction_id": 213381, "junction_lat": 51.7594286, "junction_lon": -1.2135034, "warning_lat": 51.760084837202747, "warning_lon": -1.2137526059376527, "danger_score": 0.7415, "junction_type": "T-junction", "merge_type": "minor_to_major", "street_count": 3, "approach_bearing": 166.8, "road_name": "Osler Road", "road_type": "residential", "major_road_class": 8, "minor_road_class": 2 }, "geometry": { "type": "Point", "coordinates": [ -1.213752605937653, 51.760084837202747 ] } },
{ "type": "Feature", "properties": { "junction_id": 213386, "junction_lat": 51.7574254, "junction_lon": -1.2196449, "warning_lat": 51.758008647066113, "warning_lon": -1.2201897397859653, "danger_score": 0.7669, "junction_type": "Crossroads", "merge_type": "minor_to_major", "street_count": 4, "approach_bearing": 150.0, "road_name": "Headley Way", "road_type": "secondary", "major_road_class": 8, "minor_road_class": 6 }, "geometry": { "type": "Point", "coordinates": [ -1.220189739785965, 51.758008647066113 ] } },
{ "type": "Feature", "properties": { "junction_id": 213386, "junction_lat": 51.7574254, "junction_lon": -1.2196449, "warning_lat": 51.757081481109488, "warning_lon": -1.218753564175608, "danger_score": 0.7669, "junction_type": "Crossroads", "merge_type": "minor_to_major", "street_count": 4, "approach_bearing": 301.9, "road_name": "Brookside", "road_type": "residential", "major_road_class": 8, "minor_road_class": 2 }, "geometry": { "type": "Point", "coordinates": [ -1.218753564175608, 51.757081481109488 ] } },
{ "type": "Feature", "properties": { "junction_id": 213388, "junction_lat": 51.7563691, "junction_lon": -1.2233622, "warning_lat": 51.7561006, "warning_lon": -1.2231988, "danger_score": 0.4741, "junction_type": "T-junction", "merge_type": "minor_to_major", "street_count": 3, "approach_bearing": 339.4, "road_name": "Gipsy Lane", "road_type": "tertiary", "major_road_class": 8, "minor_road_class": 4 }, "geometry": { "type": "Point", "coordinates": [ -1.2231988, 51.7561006 ] } },
{ "type": "Feature", "properties": { "junction_id": 213398, "junction_lat": 51.7507276, "junction_lon": -1.2392553, "warning_lat": 51.751294548274203, "warning_lon": -1.2398455113151996, "danger_score": 0.7466, "junction_type": "Crossroads", "merge_type": "minor_to_major", "street_count": 4, "approach_bearing": 147.2, "road_name": "Bath Street", "road_type": "residential", "major_road_class": 8, "minor_road_class": 2 }, "geometry": { "type": "Point", "coordinates": [ -1.2398455113152, 51.751294548274203 ] } },
{ "type": "Feature", "properties": { "junction_id": 213398, "junction_lat": 51.7507276, "junction_lon": -1.2392553, "warning_lat": 51.750119902495634, "warning_lon": -1.238788794105387, "danger_score": 0.7466, "junction_type": "Crossroads", "merge_type": "minor_to_major", "street_count": 4, "approach_bearing": 334.6, "road_name": "Rectory Road", "road_type": "residential", "major_road_class": 8, "minor_road_class": 2 }, "geometry": { "type": "Point", "coordinates": [ -1.238788794105387, 51.750119902495634 ] } },
{ "type": "Feature", "properties": { "junction_id": 213401, "junction_lat": 51.7505212, "junction_lon": -1.2402328, "warning_lat": 51.751107075944034, "warning_lon": -1.2407687415041808, "danger_score": 0.7637, "junction_type": "T-junction", "merge_type": "minor_to_major", "street_count": 3, "approach_bearing": 150.5, "road_name": "Boulter Street", "road_type": "residential", "major_road_class": 8, "minor_road_class": 2 }, "geometry": { "type": "Point", "coordinates": [ -1.240768741504181, 51.751107075944034 ] } },
{ "type": "Feature", "properties": { "junction_id": 213402, "junction_lat": 51.7503809, "junction_lon": -1.2411301, "warning_lat": 51.7507069, "warning_lon": -1.2413103, "danger_score": 0.7182, "junction_type": "T-junction", "merge_type": "minor_to_major", "street_count": 3, "approach_bearing": 161.1, "road_name": "Caroline Street", "road_type": "residential", "major_road_class": 8, "minor_road_class": 2 }, "geometry": { "type": "Point", "coordinates": [ -1.2413103, 51.7507069 ] } },
{ "type": "Feature", "properties": { "junction_id": 213411, "junction_lat": 51.7478229, "junction_lon": -1.2422, "warning_lat": 51.74816583026859, "warning_lon": -1.2412622588470703, "danger_score": 0.7403, "junction_type": "T-junction", "merge_type": "minor_to_major", "street_count": 3, "approach_bearing": 239.4, "road_name": "Temple Street", "road_type": "residential", "major_road_class": 8, "minor_road_class": 2 }, "geometry": { "type": "Point", "coordinates": [ -1.24126225884707, 51.74816583026859 ] } },
{ "type": "Feature", "properties": { "junction_id": 213414, "junction_lat": 51.7458155, "junction_lon": -1.2406123, "warning_lat": 51.7459809, "warning_lon": -1.240117, "danger_score": 0.7243, "junction_type": "T-junction", "merge_type": "minor_to_major", "street_count": 3, "approach_bearing": 241.7, "road_name": "James Street", "road_type": "residential", "major_road_class": 8, "minor_road_class": 2 }, "geometry": { "type": "Point", "coordinates": [ -1.240117, 51.7459809 ] } },
{ "type": "Feature", "properties": { "junction_id": 213423, "junction_lat": 51.7442747, "junction_lon": -1.2400998, "warning_lat": 51.7441738, "warning_lon": -1.2404896, "danger_score": 0.7821, "junction_type": "Crossroads", "merge_type": "minor_to_major", "street_count": 4, "approach_bearing": 67.3, "road_name": "Jackdaw Lane", "road_type": "residential", "major_road_class": 8, "minor_road_class": 2 }, "geometry": { "type": "Point", "coordinates": [ -1.2404896, 51.7441738 ] } },
{ "type": "Feature", "properties": { "junction_id": 213423, "junction_lat": 51.7442747, "junction_lon": -1.2400998, "warning_lat": 51.744674110551081, "warning_lon": -1.2392221110954174, "danger_score": 0.7821, "junction_type": "Crossroads", "merge_type": "minor_to_major", "street_count": 4, "approach_bearing": 233.7, "road_name": "Bullingdon Road", "road_type": "residential", "major_road_class": 8, "minor_road_class": 2 }, "geometry": { "type": "Point", "coordinates": [ -1.239222111095417, 51.744674110551081 ] } },
{ "type": "Feature", "properties": { "junction_id": 213424, "junction_lat": 51.7435579, "junction_lon": -1.2394705, "warning_lat": 51.7439682612521, "warning_lon": -1.238606180886666, "danger_score": 0.7304, "junction_type": "T-junction", "merge_type": "minor_to_major", "street_count": 3, "approach_bearing": 232.5, "road_name": "Henley Street", "road_type": "residential", "major_road_class": 8, "minor_road_class": 2 }, "geometry": { "type": "Point", "coordinates": [ -1.238606180886666, 51.7439682612521 ] } },
{ "type": "Feature", "properties": { "junction_id": 213432, "junction_lat": 51.7523904, "junction_lon": -1.2547759, "warning_lat": 51.75173601718523, "warning_lon": -1.2545264745140781, "danger_score": 0.5033, "junction_type": "T-junction", "merge_type": "minor_to_major", "street_count": 3, "approach_bearing": 346.7, "road_name": [ "King Edward Street", "Oriel Square", "Oriel Street" ], "road_type": "residential", "major_road_class": 4, "minor_road_class": 2 }, "geometry": { "type": "Point", "coordinates": [ -1.254526474514078, 51.75173601718523 ] } },
{ "type": "Feature", "properties": { "junction_id": 213440, "junction_lat": 51.7470847, "junction_lon": -1.2564842, "warning_lat": 51.747752161437042, "warning_lon": -1.2564537720685969, "danger_score": 0.4695, "junction_type": "T-junction", "merge_type": "minor_to_major", "street_count": 3, "approach_bearing": 181.6, "road_name": "St Aldate's", "road_type": "tertiary", "major_road_class": 8, "minor_road_class": 4 }, "geometry": { "type": "Point", "coordinates": [ -1.256453772068597, 51.747752161437042 ] } },
{ "type": "Feature", "properties": { "junction_id": 213442, "junction_lat": 51.745076, "junction_lon": -1.2561849, "warning_lat": 51.7449965, "warning_lon": -1.2568581, "danger_score": 0.7132, "junction_type": "T-junction", "merge_type": "minor_to_major", "street_count": 3, "approach_bearing": 79.2, "road_name": "Western Road", "road_type": "residential", "major_road_class": 8, "minor_road_class": 2 }, "geometry": { "type": "Point", "coordinates": [ -1.2568581, 51.7449965 ] } },
{ "type": "Feature", "properties": { "junction_id": 213461, "junction_lat": 51.7530837, "junction_lon": -1.2674447, "warning_lat": 51.753735964089557, "warning_lon": -1.2677189109558127, "danger_score": 0.7, "junction_type": "T-junction", "merge_type": "minor_to_major", "street_count": 3, "approach_bearing": 165.4, "road_name": "Rewley Road", "road_type": [ "residential", "living_street" ], "major_road_class": 8, "minor_road_class": 2 }, "geometry": { "type": "Point", "coordinates": [ -1.267718910955813, 51.753735964089557 ] } },
{ "type": "Feature", "properties": { "junction_id": 213482, "junction_lat": 51.7423186, "junction_lon": -1.2552524, "warning_lat": 51.742084788973045, "warning_lon": -1.2562741469628929, "danger_score": 0.7004, "junction_type": "T-junction", "merge_type": "minor_to_major", "street_count": 3, "approach_bearing": 69.7, "road_name": "Newton Road", "road_type": "residential", "major_road_class": 8, "minor_road_class": 2 }, "geometry": { "type": "Point", "coordinates": [ -1.256274146962893, 51.742084788973045 ] } },
{ "type": "Feature", "properties": { "junction_id": 213483, "junction_lat": 51.7416311, "junction_lon": -1.2548442, "warning_lat": 51.741405470826784, "warning_lon": -1.255870714196796, "danger_score": 0.7999, "junction_type": "T-junction", "merge_type": "minor_to_major", "street_count": 3, "approach_bearing": 70.5, "road_name": [ "Edith Road", "Chilswell Road" ], "road_type": "residential", "major_road_class": 8, "minor_road_class": 2 }, "geometry": { "type": "Point", "coordinates": [ -1.255870714196796, 51.741405470826784 ] } },
{ "type": "Feature", "properties": { "junction_id": 213498, "junction_lat": 51.7375397, "junction_lon": -1.2519795, "warning_lat": 51.737183022773316, "warning_lon": -1.2529025829007254, "danger_score": 0.7479, "junction_type": "T-junction", "merge_type": "minor_to_major", "street_count": 3, "approach_bearing": 58.0, "road_name": "Sunningwell Road", "road_type": "residential", "major_road_class": 8, "minor_road_class": 2 }, "geometry": { "type": "Point", "coordinates": [ -1.252902582900725, 51.737183022773316 ] } },
{ "type": "Feature", "properties": { "junction_id": 213499, "junction_lat": 51.7368343, "junction_lon": -1.2516006, "warning_lat": 51.736537557397916, "warning_lon": -1.2525740896825366, "danger_score": 0.7474, "junction_type": "T-junction", "merge_type": "minor_to_major", "street_count": 3, "approach_bearing": 63.8, "road_name": "Lincoln Road", "road_type": "residential", "major_road_class": 8, "minor_road_class": 2 }, "geometry": { "type": "Point", "coordinates": [ -1.252574089682537, 51.736537557397916 ] } },
{ "type": "Feature", "properties": { "junction_id": 213501, "junction_lat": 51.7355277, "junction_lon": -1.2508588, "warning_lat": 51.735197386102662, "warning_lon": -1.2518061867135744, "danger_score": 0.7509, "junction_type": "T-junction", "merge_type": "minor_to_major", "street_count": 3, "approach_bearing": 60.6, "road_name": "Northampton Road", "road_type": "residential", "major_road_class": 8, "minor_road_class": 2 }, "geometry": { "type": "Point", "coordinates": [ -1.251806186713574, 51.735197386102662 ] } },
{ "type": "Feature", "properties": { "junction_id": 213508, "junction_lat": 51.7345034, "junction_lon": -1.2476189, "warning_lat": 51.7348903, "warning_lon": -1.247759, "danger_score": 0.6035, "junction_type": "Crossroads", "merge_type": "minor_to_major", "street_count": 4, "approach_bearing": 167.4, "road_name": "Fox Crescent", "road_type": "residential", "major_road_class": 6, "minor_road_class": 2 }, "geometry": { "type": "Point", "coordinates": [ -1.247759, 51.7348903 ] } },
{ "type": "Feature", "properties": { "junction_id": 213508, "junction_lat": 51.7345034, "junction_lon": -1.2476189, "warning_lat": 51.733837099150897, "warning_lon": -1.2474741049466229, "danger_score": 0.6035, "junction_type": "Crossroads", "merge_type": "minor_to_major", "street_count": 4, "approach_bearing": 352.3, "road_name": "Canning Crescent", "road_type": "residential", "major_road_class": 6, "minor_road_class": 2 }, "geometry": { "type": "Point", "coordinates": [ -1.247474104946623, 51.733837099150897 ] } },
{ "type": "Feature", "properties": { "junction_id": 213627, "junction_lat": 51.789729, "junction_lon": -1.2874161, "warning_lat": 51.7896112, "warning_lon": -1.2874965, "danger_score": 0.7624, "junction_type": "Crossroads", "merge_type": "minor_to_major", "street_count": 4, "approach_bearing": 22.9, "road_name": "Unnamed", "road_type": "tertiary", "major_road_class": 9, "minor_road_class": 4 }, "geometry": { "type": "Point", "coordinates": [ -1.2874965, 51.7896112 ] } },
{ "type": "Feature", "properties": { "junction_id": 213627, "junction_lat": 51.789729, "junction_lon": -1.2874161, "warning_lat": 51.790279945358826, "warning_lon": -1.2867960885387475, "danger_score": 0.7624, "junction_type": "Crossroads", "merge_type": "minor_to_major", "street_count": 4, "approach_bearing": 214.8, "road_name": "Thomas White Street", "road_type": "unclassified", "major_road_class": 9, "minor_road_class": 3 }, "geometry": { "type": "Point", "coordinates": [ -1.286796088538747, 51.790279945358826 ] } },
{ "type": "Feature", "properties": { "junction_id": 213740, "junction_lat": 51.7242529, "junction_lon": -1.2240079, "warning_lat": 51.7240436, "warning_lon": -1.2238785, "danger_score": 0.6141, "junction_type": "T-junction", "merge_type": "minor_to_major", "street_count": 3, "approach_bearing": 339.0, "road_name": "Oxford Road", "road_type": "tertiary", "major_road_class": 9, "minor_road_class": 4 }, "geometry": { "type": "Point", "coordinates": [ -1.2238785, 51.7240436 ] } },
{ "type": "Feature", "properties": { "junction_id": 213745, "junction_lat": 51.7254383, "junction_lon": -1.2235926, "warning_lat": 51.725451379889847, "warning_lon": -1.2225039942778784, "danger_score": 0.7, "junction_type": "T-junction", "merge_type": "minor_to_major", "street_count": 3, "approach_bearing": 268.9, "road_name": "Newman Road", "road_type": "residential", "major_road_class": 8, "minor_road_class": 2 }, "geometry": { "type": "Point", "coordinates": [ -1.222503994277878, 51.725451379889847 ] } },
{ "type": "Feature", "properties": { "junction_id": 213764, "junction_lat": 51.7273243, "junction_lon": -1.204767, "warning_lat": 51.727924312915363, "warning_lon": -1.2042868781268226, "danger_score": 0.9901, "junction_type": "T-junction", "merge_type": "minor_to_major", "street_count": 3, "approach_bearing": 206.4, "road_name": "Unnamed", "road_type": "trunk_link", "major_road_class": 9, "minor_road_class": 0 }, "geometry": { "type": "Point", "coordinates": [ -1.204286878126823, 51.727924312915363 ] } },
{ "type": "Feature", "properties": { "junction_id": 213765, "junction_lat": 51.727238, "junction_lon": -1.2046298, "warning_lat": 51.727743157491886, "warning_lon": -1.2039288060948441, "danger_score": 0.9849, "junction_type": "T-junction", "merge_type": "minor_to_major", "street_count": 3, "approach_bearing": 220.7, "road_name": "Unnamed", "road_type": "trunk_link", "major_road_class": 9, "minor_road_class": 0 }, "geometry": { "type": "Point", "coordinates": [ -1.203928806094844, 51.727743157491886 ] } },
{ "type": "Feature", "properties": { "junction_id": 213766, "junction_lat": 51.7326622, "junction_lon": -1.2003276, "warning_lat": 51.732118734205116, "warning_lon": -1.2009625381915672, "danger_score": 0.9924, "junction_type": "T-junction", "merge_type": "minor_to_major", "street_count": 3, "approach_bearing": 35.9, "road_name": "Unnamed", "road_type": "trunk_link", "major_road_class": 9, "minor_road_class": 0 }, "geometry": { "type": "Point", "coordinates": [ -1.200962538191567, 51.732118734205116 ] } },
{ "type": "Feature", "properties": { "junction_id": 213767, "junction_lat": 51.7332674, "junction_lon": -1.1996596, "warning_lat": 51.732644801016974, "warning_lon": -1.2000777813928718, "danger_score": 0.9913, "junction_type": "T-junction", "merge_type": "minor_to_major", "street_count": 3, "approach_bearing": 22.6, "road_name": "Unnamed", "road_type": "trunk_link", "major_road_class": 9, "minor_road_class": 0 }, "geometry": { "type": "Point", "coordinates": [ -1.200077781392872, 51.732644801016974 ] } },
{ "type": "Feature", "properties": { "junction_id": 213770, "junction_lat": 51.7365334, "junction_lon": -1.198005, "warning_lat": 51.737158577019805, "warning_lon": -1.197639893973905, "danger_score": 0.866, "junction_type": "T-junction", "merge_type": "minor_to_major", "street_count": 3, "approach_bearing": 199.9, "road_name": "Horspath Road", "road_type": "tertiary", "major_road_class": 9, "minor_road_class": 4 }, "geometry": { "type": "Point", "coordinates": [ -1.197639893973905, 51.737158577019805 ] } },
{ "type": "Feature", "properties": { "junction_id": 213772, "junction_lat": 51.7294335, "junction_lon": -1.2024524, "warning_lat": 51.728862022076676, "warning_lon": -1.2029956180011163, "danger_score": 0.7095, "junction_type": "T-junction", "merge_type": "minor_to_major", "street_count": 3, "approach_bearing": 30.5, "road_name": "Unnamed", "road_type": "trunk_link", "major_road_class": 6, "minor_road_class": 0 }, "geometry": { "type": "Point", "coordinates": [ -1.202995618001116, 51.728862022076676 ] } },
{ "type": "Feature", "properties": { "junction_id": 213773, "junction_lat": 51.7296454, "junction_lon": -1.2030766, "warning_lat": 51.729004348276192, "warning_lon": -1.2033845307594517, "danger_score": 0.7148, "junction_type": "T-junction", "merge_type": "minor_to_major", "street_count": 3, "approach_bearing": 16.6, "road_name": "Unnamed", "road_type": "trunk_link", "major_road_class": 6, "minor_road_class": 0 }, "geometry": { "type": "Point", "coordinates": [ -1.203384530759452, 51.729004348276192 ] } },
{ "type": "Feature", "properties": { "junction_id": 213775, "junction_lat": 51.7301364, "junction_lon": -1.2026373, "warning_lat": 51.730715495660682, "warning_lon": -1.2021020750822529, "danger_score": 0.7234, "junction_type": "T-junction", "merge_type": "minor_to_major", "street_count": 3, "approach_bearing": 209.8, "road_name": "Unnamed", "road_type": "trunk_link", "major_road_class": 6, "minor_road_class": 0 }, "geometry": { "type": "Point", "coordinates": [ -1.202102075082253, 51.730715495660682 ] } },
{ "type": "Feature", "properties": { "junction_id": 213776, "junction_lat": 51.7299895, "junction_lon": -1.2020651, "warning_lat": 51.730608345181082, "warning_lon": -1.2016494413119225, "danger_score": 0.7, "junction_type": "T-junction", "merge_type": "minor_to_major", "street_count": 3, "approach_bearing": 202.6, "road_name": "Unnamed", "road_type": "trunk_link", "major_road_class": 6, "minor_road_class": 0 }, "geometry": { "type": "Point", "coordinates": [ -1.201649441311923, 51.730608345181082 ] } },
{ "type": "Feature", "properties": { "junction_id": 213796, "junction_lat": 51.7748768, "junction_lon": -1.2281502, "warning_lat": 51.775194862919399, "warning_lon": -1.2291114745653018, "danger_score": 0.9189, "junction_type": "T-junction", "merge_type": "minor_to_major", "street_count": 3, "approach_bearing": 118.1, "road_name": "Unnamed", "road_type": "trunk_link", "major_road_class": 9, "minor_road_class": 0 }, "geometry": { "type": "Point", "coordinates": [ -1.229111474565302, 51.775194862919399 ] } },
{ "type": "Feature", "properties": { "junction_id": 213798, "junction_lat": 51.776694, "junction_lon": -1.2323685, "warning_lat": 51.776251926116977, "warning_lon": -1.2315451700906355, "danger_score": 0.962, "junction_type": "T-junction", "merge_type": "minor_to_major", "street_count": 3, "approach_bearing": 311.0, "road_name": "Unnamed", "road_type": "trunk_link", "major_road_class": 9, "minor_road_class": 0 }, "geometry": { "type": "Point", "coordinates": [ -1.231545170090635, 51.776251926116977 ] } },
{ "type": "Feature", "properties": { "junction_id": 213799, "junction_lat": 51.777342, "junction_lon": -1.2332814, "warning_lat": 51.77700233720401, "warning_lon": -1.2323398961094114, "danger_score": 0.9577, "junction_type": "T-junction", "merge_type": "minor_to_major", "street_count": 3, "approach_bearing": 300.2, "road_name": "Unnamed", "road_type": "trunk_link", "major_road_class": 9, "minor_road_class": 0 }, "geometry": { "type": "Point", "coordinates": [ -1.232339896109411, 51.77700233720401 ] } },
{ "type": "Feature", "properties": { "junction_id": 213801, "junction_lat": 51.7751297, "junction_lon": -1.2303488, "warning_lat": 51.775216593953587, "warning_lon": -1.2292834873935878, "danger_score": 0.775, "junction_type": "T-junction", "merge_type": "minor_to_major", "street_count": 3, "approach_bearing": 262.5, "road_name": "Unnamed", "road_type": "trunk_link", "major_road_class": 6, "minor_road_class": 0 }, "geometry": { "type": "Point", "coordinates": [ -1.229283487393588, 51.775216593953587 ] } },
{ "type": "Feature", "properties": { "junction_id": 213808, "junction_lat": 51.7710121, "junction_lon": -1.230382, "warning_lat": 51.771058357189972, "warning_lon": -1.2313827885290236, "danger_score": 0.4891, "junction_type": "T-junction", "merge_type": "minor_to_major", "street_count": 3, "approach_bearing": 94.3, "road_name": "Horseman Close", "road_type": "residential", "major_road_class": 6, "minor_road_class": 2 }, "geometry": { "type": "Point", "coordinates": [ -1.231382788529024, 51.771058357189972 ] } },
{ "type": "Feature", "properties": { "junction_id": 213809, "junction_lat": 51.770746, "junction_lon": -1.2304764, "warning_lat": 51.7706215, "warning_lon": -1.2296927, "danger_score": 0.4746, "junction_type": "T-junction", "merge_type": "minor_to_major", "street_count": 3, "approach_bearing": 284.4, "road_name": "Dents Close", "road_type": "residential", "major_road_class": 6, "minor_road_class": 2 }, "geometry": { "type": "Point", "coordinates": [ -1.2296927, 51.7706215 ] } },
{ "type": "Feature", "properties": { "junction_id": 213810, "junction_lat": 51.7700005, "junction_lon": -1.230733, "warning_lat": 51.770178951856302, "warning_lon": -1.2317840508539677, "danger_score": 0.568, "junction_type": "T-junction", "merge_type": "minor_to_major", "street_count": 3, "approach_bearing": 105.3, "road_name": "Elms Drive", "road_type": "residential", "major_road_class": 6, "minor_road_class": 2 }, "geometry": { "type": "Point", "coordinates": [ -1.231784050853968, 51.770178951856302 ] } },
{ "type": "Feature", "properties": { "junction_id": 213812, "junction_lat": 51.7688304, "junction_lon": -1.2312411, "warning_lat": 51.769179671598508, "warning_lon": -1.2321666248874745, "danger_score": 0.545, "junction_type": "T-junction", "merge_type": "minor_to_major", "street_count": 3, "approach_bearing": 121.4, "road_name": "Ashlong Road", "road_type": "residential", "major_road_class": 6, "minor_road_class": 2 }, "geometry": { "type": "Point", "coordinates": [ -1.232166624887475, 51.769179671598508 ] } },
{ "type": "Feature", "properties": { "junction_id": 213817, "junction_lat": 51.7668226, "junction_lon": -1.2326338, "warning_lat": 51.766407252367493, "warning_lon": -1.2317840286239858, "danger_score": 0.6535, "junction_type": "T-junction", "merge_type": "minor_to_major", "street_count": 3, "approach_bearing": 308.3, "road_name": "Crotch Crescent", "road_type": "residential", "major_road_class": 6, "minor_road_class": 2 }, "geometry": { "type": "Point", "coordinates": [ -1.231784028623986, 51.766407252367493 ] } },
{ "type": "Feature", "properties": { "junction_id": 213818, "junction_lat": 51.7659824, "junction_lon": -1.2336461, "warning_lat": 51.76629025090832, "warning_lon": -1.2346152194371607, "danger_score": 0.4918, "junction_type": "Crossroads", "merge_type": "minor_to_major", "street_count": 4, "approach_bearing": 117.2, "road_name": "Old Marston Road", "road_type": "residential", "major_road_class": 6, "minor_road_class": 2 }, "geometry": { "type": "Point", "coordinates": [ -1.234615219437161, 51.76629025090832 ] } },
{ "type": "Feature", "properties": { "junction_id": 213818, "junction_lat": 51.7659824, "junction_lon": -1.2336461, "warning_lat": 51.7659496, "warning_lon": -1.2335323, "danger_score": 0.4918, "junction_type": "Crossroads", "merge_type": "minor_to_major", "street_count": 4, "approach_bearing": 295.0, "road_name": "Old Marston Road", "road_type": "residential", "major_road_class": 6, "minor_road_class": 2 }, "geometry": { "type": "Point", "coordinates": [ -1.2335323, 51.7659496 ] } },
{ "type": "Feature", "properties": { "junction_id": 213820, "junction_lat": 51.7648099, "junction_lon": -1.2345033, "warning_lat": 51.76457977530746, "warning_lon": -1.2334836608609869, "danger_score": 0.5031, "junction_type": "T-junction", "merge_type": "minor_to_major", "street_count": 3, "approach_bearing": 290.0, "road_name": "Crotch Crescent", "road_type": "residential", "major_road_class": 6, "minor_road_class": 2 }, "geometry": { "type": "Point", "coordinates": [ -1.233483660860987, 51.76457977530746 ] } },
{ "type": "Feature", "properties": { "junction_id": 213821, "junction_lat": 51.7641871, "junction_lon": -1.2348977, "warning_lat": 51.764464411309191, "warning_lon": -1.2358911476243457, "danger_score": 0.4763, "junction_type": "T-junction", "merge_type": "minor_to_major", "street_count": 3, "approach_bearing": 114.3, "road_name": "Croft Road", "road_type": "residential", "major_road_class": 6, "minor_road_class": 2 }, "geometry": { "type": "Point", "coordinates": [ -1.235891147624346, 51.764464411309191 ] } },
{ "type": "Feature", "properties": { "junction_id": 213823, "junction_lat": 51.7627974, "junction_lon": -1.2355507, "warning_lat": 51.762827130263858, "warning_lon": -1.2344643775152455, "danger_score": 0.5303, "junction_type": "T-junction", "merge_type": "minor_to_major", "street_count": 3, "approach_bearing": 267.5, "road_name": "Jack Straw's Lane", "road_type": "residential", "major_road_class": 6, "minor_road_class": 2 }, "geometry": { "type": "Point", "coordinates": [ -1.234464377515246, 51.762827130263858 ] } },
{ "type": "Feature", "properties": { "junction_id": 213824, "junction_lat": 51.7621446, "junction_lon": -1.2357185, "warning_lat": 51.76226214719663, "warning_lon": -1.2367884183886602, "danger_score": 0.4781, "junction_type": "T-junction", "merge_type": "minor_to_major", "street_count": 3, "approach_bearing": 100.1, "road_name": "Nicholson Road", "road_type": "residential", "major_road_class": 6, "minor_road_class": 2 }, "geometry": { "type": "Point", "coordinates": [ -1.23678841838866, 51.76226214719663 ] } },
{ "type": "Feature", "properties": { "junction_id": 213840, "junction_lat": 51.7880632, "junction_lon": -1.2790749, "warning_lat": 51.787942251577377, "warning_lon": -1.2781524194063201, "danger_score": 0.989, "junction_type": "T-junction", "merge_type": "minor_to_major", "street_count": 3, "approach_bearing": 282.0, "road_name": "Sunderland Avenue", "road_type": "residential", "major_road_class": 9, "minor_road_class": 2 }, "geometry": { "type": "Point", "coordinates": [ -1.27815241940632, 51.787942251577377 ] } },
{ "type": "Feature", "properties": { "junction_id": 213848, "junction_lat": 51.786246, "junction_lon": -1.2787414, "warning_lat": 51.785925, "warning_lon": -1.2794114, "danger_score": 0.7378, "junction_type": "T-junction", "merge_type": "minor_to_major", "street_count": 3, "approach_bearing": 52.2, "road_name": "First Turn", "road_type": "residential", "major_road_class": 8, "minor_road_class": 2 }, "geometry": { "type": "Point", "coordinates": [ -1.2794114, 51.785925 ] } },
{ "type": "Feature", "properties": { "junction_id": 213849, "junction_lat": 51.7851333, "junction_lon": -1.2777255, "warning_lat": 51.784787818945127, "warning_lon": -1.2786606557620934, "danger_score": 0.7, "junction_type": "T-junction", "merge_type": "minor_to_major", "street_count": 3, "approach_bearing": 59.2, "road_name": "Bladon Close", "road_type": "residential", "major_road_class": 8, "minor_road_class": 2 }, "geometry": { "type": "Point", "coordinates": [ -1.278660655762093, 51.784787818945127 ] } },
{ "type": "Feature", "properties": { "junction_id": 213850, "junction_lat": 51.7849295, "junction_lon": -1.2774909, "warning_lat": 51.785336484982217, "warning_lon": -1.2766214697360656, "danger_score": 0.7646, "junction_type": "T-junction", "merge_type": "minor_to_major", "street_count": 3, "approach_bearing": 232.9, "road_name": "Davenant Road", "road_type": "residential", "major_road_class": 8, "minor_road_class": 2 }, "geometry": { "type": "Point", "coordinates": [ -1.276621469736066, 51.785336484982217 ] } },
{ "type": "Feature", "properties": { "junction_id": 213852, "junction_lat": 51.7836952, "junction_lon": -1.2754615, "warning_lat": 51.783178048147455, "warning_lon": -1.2761613712972439, "danger_score": 0.7275, "junction_type": "T-junction", "merge_type": "minor_to_major", "street_count": 3, "approach_bearing": 39.9, "road_name": "Wyndham Way", "road_type": "residential", "major_road_class": 8, "minor_road_class": 2 }, "geometry": { "type": "Point", "coordinates": [ -1.276161371297244, 51.783178048147455 ] } },
{ "type": "Feature", "properties": { "junction_id": 213854, "junction_lat": 51.7817631, "junction_lon": -1.2730709, "warning_lat": 51.781429258756162, "warning_lon": -1.2740182101981963, "danger_score": 0.8489, "junction_type": "T-junction", "merge_type": "minor_to_major", "street_count": 3, "approach_bearing": 60.3, "road_name": "Blenheim Drive", "road_type": "residential", "major_road_class": 8, "minor_road_class": 2 }, "geometry": { "type": "Point", "coordinates": [ -1.274018210198196, 51.781429258756162 ] } },
{ "type": "Feature", "properties": { "junction_id": 213857, "junction_lat": 51.7791353, "junction_lon": -1.2715769, "warning_lat": 51.779460930668648, "warning_lon": -1.2706225508881628, "danger_score": 0.7309, "junction_type": "T-junction", "merge_type": "minor_to_major", "street_count": 3, "approach_bearing": 241.1, "road_name": "Osberton Road", "road_type": "residential", "major_road_class": 8, "minor_road_class": 2 }, "geometry": { "type": "Point", "coordinates": [ -1.270622550888163, 51.779460930668648 ] } },
{ "type": "Feature", "properties": { "junction_id": 213869, "junction_lat": 51.7752485, "junction_lon": -1.2683676, "warning_lat": 51.774909487799597, "warning_lon": -1.2693081649388265, "danger_score": 0.7623, "junction_type": "T-junction", "merge_type": "minor_to_major", "street_count": 3, "approach_bearing": 59.8, "road_name": "Elizabeth Jennings Way", "road_type": "residential", "major_road_class": 8, "minor_road_class": 2 }, "geometry": { "type": "Point", "coordinates": [ -1.269308164938826, 51.774909487799597 ] } },
{ "type": "Feature", "properties": { "junction_id": 213870, "junction_lat": 51.7748574, "junction_lon": -1.2680473, "warning_lat": 51.775027383651874, "warning_lon": -1.2669925527635071, "danger_score": 0.7219, "junction_type": "T-junction", "merge_type": "minor_to_major", "street_count": 3, "approach_bearing": 255.4, "road_name": "Thorncliffe Road", "road_type": "residential", "major_road_class": 8, "minor_road_class": 2 }, "geometry": { "type": "Point", "coordinates": [ -1.266992552763507, 51.775027383651874 ] } },
{ "type": "Feature", "properties": { "junction_id": 213871, "junction_lat": 51.7738175, "junction_lon": -1.2674094, "warning_lat": 51.773474695718996, "warning_lon": -1.2683056788476885, "danger_score": 0.8831, "junction_type": "T-junction", "merge_type": "minor_to_major", "street_count": 3, "approach_bearing": 58.3, "road_name": "Bainton Road", "road_type": "residential", "major_road_class": 8, "minor_road_class": 2 }, "geometry": { "type": "Point", "coordinates": [ -1.268305678847689, 51.773474695718996 ] } },
{ "type": "Feature", "properties": { "junction_id": 213873, "junction_lat": 51.7720521, "junction_lon": -1.2669351, "warning_lat": 51.772249875731632, "warning_lon": -1.2658938916911318, "danger_score": 0.7581, "junction_type": "T-junction", "merge_type": "minor_to_major", "street_count": 3, "approach_bearing": 252.9, "road_name": "Lathbury Road", "road_type": "residential", "major_road_class": 8, "minor_road_class": 2 }, "geometry": { "type": "Point", "coordinates": [ -1.265893891691132, 51.772249875731632 ] } },
{ "type": "Feature", "properties": { "junction_id": 213876, "junction_lat": 51.7681702, "junction_lon": -1.2656639, "warning_lat": 51.768022974249781, "warning_lon": -1.2667267615136977, "danger_score": 0.7312, "junction_type": "T-junction", "merge_type": "minor_to_major", "street_count": 3, "approach_bearing": 77.4, "road_name": "Polstead Road", "road_type": "residential", "major_road_class": 8, "minor_road_class": 2 }, "geometry": { "type": "Point", "coordinates": [ -1.266726761513698, 51.768022974249781 ] } },
{ "type": "Feature", "properties": { "junction_id": 213877, "junction_lat": 51.7670054, "junction_lon": -1.2654642, "warning_lat": 51.767193597520432, "warning_lon": -1.2644184586272842, "danger_score": 0.731, "junction_type": "Crossroads", "merge_type": "minor_to_major", "street_count": 4, "approach_bearing": 253.8, "road_name": "St Margaret's Road", "road_type": "residential", "major_road_class": 8, "minor_road_class": 2 }, "geometry": { "type": "Point", "coordinates": [ -1.264418458627284, 51.767193597520432 ] } },
{ "type": "Feature", "properties": { "junction_id": 213877, "junction_lat": 51.7670054, "junction_lon": -1.2654642, "warning_lat": 51.766826146332939, "warning_lon": -1.2665148494425833, "danger_score": 0.731, "junction_type": "Crossroads", "merge_type": "minor_to_major", "street_count": 4, "approach_bearing": 74.6, "road_name": "St Margaret's Road", "road_type": "tertiary", "major_road_class": 8, "minor_road_class": 4 }, "geometry": { "type": "Point", "coordinates": [ -1.266514849442583, 51.766826146332939 ] } },
{ "type": "Feature", "properties": { "junction_id": 213878, "junction_lat": 51.7660132, "junction_lon": -1.2651268, "warning_lat": 51.765865574745028, "warning_lon": -1.2661902362122051, "danger_score": 0.7105, "junction_type": "T-junction", "merge_type": "minor_to_major", "street_count": 3, "approach_bearing": 77.4, "road_name": "Farndon Road", "road_type": "residential", "major_road_class": 8, "minor_road_class": 2 }, "geometry": { "type": "Point", "coordinates": [ -1.266190236212205, 51.765865574745028 ] } },
{ "type": "Feature", "properties": { "junction_id": 213879, "junction_lat": 51.764862, "junction_lon": -1.2647154, "warning_lat": 51.765117293455916, "warning_lon": -1.2637066540385471, "danger_score": 0.7307, "junction_type": "T-junction", "merge_type": "minor_to_major", "street_count": 3, "approach_bearing": 247.8, "road_name": "Canterbury Road", "road_type": "residential", "major_road_class": 8, "minor_road_class": 2 }, "geometry": { "type": "Point", "coordinates": [ -1.263706654038547, 51.765117293455916 ] } },
{ "type": "Feature", "properties": { "junction_id": 213881, "junction_lat": 51.7621314, "junction_lon": -1.2629524, "warning_lat": 51.761837765924049, "warning_lon": -1.2639295968420254, "danger_score": 0.7252, "junction_type": "T-junction", "merge_type": "minor_to_major", "street_count": 3, "approach_bearing": 64.1, "road_name": "Observatory Street", "road_type": "residential", "major_road_class": 8, "minor_road_class": 2 }, "geometry": { "type": "Point", "coordinates": [ -1.263929596842025, 51.761837765924049 ] } },
{ "type": "Feature", "properties": { "junction_id": 338458, "junction_lat": 51.7484507, "junction_lon": -1.2614486, "warning_lat": 51.7482581, "warning_lon": -1.261526, "danger_score": 0.7337, "junction_type": "T-junction", "merge_type": "minor_to_major", "street_count": 3, "approach_bearing": 14.0, "road_name": "Blackfriars Road", "road_type": "residential", "major_road_class": 8, "minor_road_class": 2 }, "geometry": { "type": "Point", "coordinates": [ -1.261526, 51.7482581 ] } },
{ "type": "Feature", "properties": { "junction_id": 364716, "junction_lat": 51.7517791, "junction_lon": -1.2672195, "warning_lat": 51.7517672, "warning_lon": -1.2678099, "danger_score": 0.7136, "junction_type": "Crossroads", "merge_type": "minor_to_major", "street_count": 4, "approach_bearing": 88.1, "road_name": "St Thomas Street", "road_type": "residential", "major_road_class": 8, "minor_road_class": 2 }, "geometry": { "type": "Point", "coordinates": [ -1.2678099, 51.7517672 ] } },
{ "type": "Feature", "properties": { "junction_id": 364716, "junction_lat": 51.7517791, "junction_lon": -1.2672195, "warning_lat": 51.7518104, "warning_lon": -1.2666201, "danger_score": 0.7136, "junction_type": "Crossroads", "merge_type": "minor_to_major", "street_count": 4, "approach_bearing": 265.2, "road_name": "St Thomas Street", "road_type": "residential", "major_road_class": 8, "minor_road_class": 2 }, "geometry": { "type": "Point", "coordinates": [ -1.2666201, 51.7518104 ] } },
{ "type": "Feature", "properties": { "junction_id": 366689, "junction_lat": 51.7402623, "junction_lon": -1.2539106, "warning_lat": 51.739844165716427, "warning_lon": -1.254765133728637, "danger_score": 0.7449, "junction_type": "T-junction", "merge_type": "minor_to_major", "street_count": 3, "approach_bearing": 51.7, "road_name": "Lake Street", "road_type": "residential", "major_road_class": 8, "minor_road_class": 2 }, "geometry": { "type": "Point", "coordinates": [ -1.254765133728637, 51.739844165716427 ] } },
{ "type": "Feature", "properties": { "junction_id": 366690, "junction_lat": 51.7391313, "junction_lon": -1.2530517, "warning_lat": 51.738729443056762, "warning_lon": -1.2539260315702867, "danger_score": 0.7444, "junction_type": "T-junction", "merge_type": "minor_to_major", "street_count": 3, "approach_bearing": 53.4, "road_name": "Vicarage Road", "road_type": "residential", "major_road_class": 8, "minor_road_class": 2 }, "geometry": { "type": "Point", "coordinates": [ -1.253926031570287, 51.738729443056762 ] } },
{ "type": "Feature", "properties": { "junction_id": 369849, "junction_lat": 51.7581173, "junction_lon": -1.2599973, "warning_lat": 51.7581534, "warning_lon": -1.2602483, "danger_score": 0.7036, "junction_type": "T-junction", "merge_type": "minor_to_major", "street_count": 3, "approach_bearing": 103.1, "road_name": "St Giles'", "road_type": "primary_link", "major_road_class": 8, "minor_road_class": 0 }, "geometry": { "type": "Point", "coordinates": [ -1.2602483, 51.7581534 ] } },
{ "type": "Feature", "properties": { "junction_id": 369853, "junction_lat": 51.7617603, "junction_lon": -1.260322, "warning_lat": 51.7617655, "warning_lon": -1.2599558, "danger_score": 0.4754, "junction_type": "T-junction", "merge_type": "minor_to_major", "street_count": 3, "approach_bearing": 268.7, "road_name": "Parks Road", "road_type": "tertiary", "major_road_class": 8, "minor_road_class": 4 }, "geometry": { "type": "Point", "coordinates": [ -1.2599558, 51.7617655 ] } },
{ "type": "Feature", "properties": { "junction_id": 369881, "junction_lat": 51.7662258, "junction_lon": -1.2611833, "warning_lat": 51.7660267, "warning_lon": -1.2607048, "danger_score": 0.8479, "junction_type": "T-junction", "merge_type": "minor_to_major", "street_count": 3, "approach_bearing": 303.9, "road_name": "Park Town", "road_type": "residential", "major_road_class": 8, "minor_road_class": 2 }, "geometry": { "type": "Point", "coordinates": [ -1.2607048, 51.7660267 ] } },
{ "type": "Feature", "properties": { "junction_id": 369893, "junction_lat": 51.7706991, "junction_lon": -1.2365085, "warning_lat": 51.7705296, "warning_lon": -1.2368139, "danger_score": 0.4667, "junction_type": "T-junction", "merge_type": "minor_to_major", "street_count": 3, "approach_bearing": 48.1, "road_name": "Oxford Road", "road_type": "residential", "major_road_class": 6, "minor_road_class": 2 }, "geometry": { "type": "Point", "coordinates": [ -1.2368139, 51.7705296 ] } },
{ "type": "Feature", "properties": { "junction_id": 369905, "junction_lat": 51.7599783, "junction_lon": -1.2357259, "warning_lat": 51.760085200379791, "warning_lon": -1.2367967807346432, "danger_score": 0.4985, "junction_type": "T-junction", "merge_type": "minor_to_major", "street_count": 3, "approach_bearing": 99.2, "road_name": "Edgeway Road", "road_type": "residential", "major_road_class": 6, "minor_road_class": 2 }, "geometry": { "type": "Point", "coordinates": [ -1.236796780734643, 51.760085200379791 ] } },
{ "type": "Feature", "properties": { "junction_id": 369906, "junction_lat": 51.7592838, "junction_lon": -1.235843, "warning_lat": 51.759433250282768, "warning_lon": -1.2368939687033669, "danger_score": 0.5598, "junction_type": "Crossroads", "merge_type": "minor_to_major", "street_count": 4, "approach_bearing": 102.9, "road_name": "Ferry Road", "road_type": "residential", "major_road_class": 6, "minor_road_class": 2 }, "geometry": { "type": "Point", "coordinates": [ -1.236893968703367, 51.759433250282768 ] } },
{ "type": "Feature", "properties": { "junction_id": 369906, "junction_lat": 51.7592838, "junction_lon": -1.235843, "warning_lat": 51.759351503368528, "warning_lon": -1.2347600939545507, "danger_score": 0.5598, "junction_type": "Crossroads", "merge_type": "minor_to_major", "street_count": 4, "approach_bearing": 264.2, "road_name": "William Street", "road_type": "residential", "major_road_class": 6, "minor_road_class": 2 }, "geometry": { "type": "Point", "coordinates": [ -1.234760093954551, 51.759351503368528 ] } },
{ "type": "Feature", "properties": { "junction_id": 369917, "junction_lat": 51.7552441, "junction_lon": -1.2592467, "warning_lat": 51.7553909, "warning_lon": -1.2592973, "danger_score": 0.9886, "junction_type": "T-junction", "merge_type": "minor_to_major", "street_count": 3, "approach_bearing": 168.0, "road_name": "St Giles'", "road_type": "residential", "major_road_class": 8, "minor_road_class": 2 }, "geometry": { "type": "Point", "coordinates": [ -1.2592973, 51.7553909 ] } },
{ "type": "Feature", "properties": { "junction_id": 369923, "junction_lat": 51.7500045, "junction_lon": -1.2442785, "warning_lat": 51.7498435, "warning_lon": -1.2444986, "danger_score": 0.7221, "junction_type": "T-junction", "merge_type": "minor_to_major", "street_count": 3, "approach_bearing": 40.2, "road_name": "Cowley Place", "road_type": "residential", "major_road_class": 8, "minor_road_class": 2 }, "geometry": { "type": "Point", "coordinates": [ -1.2444986, 51.7498435 ] } },
{ "type": "Feature", "properties": { "junction_id": 369924, "junction_lat": 51.7501755, "junction_lon": -1.2444319, "warning_lat": 51.7504191, "warning_lon": -1.2447725, "danger_score": 0.4846, "junction_type": "T-junction", "merge_type": "minor_to_major", "street_count": 3, "approach_bearing": 139.1, "road_name": "The Plain", "road_type": "tertiary", "major_road_class": 8, "minor_road_class": 4 }, "geometry": { "type": "Point", "coordinates": [ -1.2447725, 51.7504191 ] } },
{ "type": "Feature", "properties": { "junction_id": 369927, "junction_lat": 51.7520185, "junction_lon": -1.2370877, "warning_lat": 51.7522349, "warning_lon": -1.2378664, "danger_score": 0.5201, "junction_type": "T-junction", "merge_type": "minor_to_major", "street_count": 3, "approach_bearing": 114.2, "road_name": "Cherwell Street", "road_type": "residential", "major_road_class": 6, "minor_road_class": 2 }, "geometry": { "type": "Point", "coordinates": [ -1.2378664, 51.7522349 ] } },
{ "type": "Feature", "properties": { "junction_id": 369929, "junction_lat": 51.751176, "junction_lon": -1.2381216, "warning_lat": 51.7511014, "warning_lon": -1.2378863, "danger_score": 0.5143, "junction_type": "T-junction", "merge_type": "minor_to_major", "street_count": 3, "approach_bearing": 297.1, "road_name": "Morrell Avenue", "road_type": "tertiary", "major_road_class": 8, "minor_road_class": 4 }, "geometry": { "type": "Point", "coordinates": [ -1.2378863, 51.7511014 ] } },
{ "type": "Feature", "properties": { "junction_id": 371900, "junction_lat": 51.7549925, "junction_lon": -1.2612878, "warning_lat": 51.7544858, "warning_lon": -1.2612804, "danger_score": 0.7073, "junction_type": "T-junction", "merge_type": "minor_to_major", "street_count": 3, "approach_bearing": 359.5, "road_name": "Gloucester Street", "road_type": "residential", "major_road_class": 8, "minor_road_class": 2 }, "geometry": { "type": "Point", "coordinates": [ -1.2612804, 51.7544858 ] } },
{ "type": "Feature", "properties": { "junction_id": 371937, "junction_lat": 51.7568823, "junction_lon": -1.2598194, "warning_lat": 51.7569056, "warning_lon": -1.2596544, "danger_score": 0.7127, "junction_type": "Crossroads", "merge_type": "minor_to_major", "street_count": 4, "approach_bearing": 257.1, "road_name": "Pusey Street", "road_type": "residential", "major_road_class": 8, "minor_road_class": 2 }, "geometry": { "type": "Point", "coordinates": [ -1.2596544, 51.7569056 ] } },
{ "type": "Feature", "properties": { "junction_id": 371937, "junction_lat": 51.7568823, "junction_lon": -1.2598194, "warning_lat": 51.7568334, "warning_lon": -1.2600943, "danger_score": 0.7127, "junction_type": "Crossroads", "merge_type": "minor_to_major", "street_count": 4, "approach_bearing": 74.0, "road_name": "Pusey Street", "road_type": "residential", "major_road_class": 8, "minor_road_class": 2 }, "geometry": { "type": "Point", "coordinates": [ -1.2600943, 51.7568334 ] } },
{ "type": "Feature", "properties": { "junction_id": 372044, "junction_lat": 51.7534714, "junction_lon": -1.2652155, "warning_lat": 51.753984730383024, "warning_lon": -1.26587942686977, "danger_score": 0.7983, "junction_type": "T-junction", "merge_type": "minor_to_major", "street_count": 3, "approach_bearing": 141.3, "road_name": "Upper Fisher Row", "road_type": "residential", "major_road_class": 8, "minor_road_class": 2 }, "geometry": { "type": "Point", "coordinates": [ -1.26587942686977, 51.753984730383024 ] } },
{ "type": "Feature", "properties": { "junction_id": 392538, "junction_lat": 51.783377, "junction_lon": -1.2679692, "warning_lat": 51.783399979891989, "warning_lon": -1.2669242892365005, "danger_score": 0.8084, "junction_type": "T-junction", "merge_type": "minor_to_major", "street_count": 3, "approach_bearing": 268.0, "road_name": "Hernes Crescent", "road_type": "residential", "major_road_class": 8, "minor_road_class": 2 }, "geometry": { "type": "Point", "coordinates": [ -1.2669242892365, 51.783399979891989 ] } },
{ "type": "Feature", "properties": { "junction_id": 392549, "junction_lat": 51.7844565, "junction_lon": -1.2687243, "warning_lat": 51.784709191911837, "warning_lon": -1.2677134846859057, "danger_score": 0.7027, "junction_type": "T-junction", "merge_type": "minor_to_major", "street_count": 3, "approach_bearing": 248.0, "road_name": "Wentworth Road", "road_type": "residential", "major_road_class": 8, "minor_road_class": 2 }, "geometry": { "type": "Point", "coordinates": [ -1.267713484685906, 51.784709191911837 ] } },
{ "type": "Feature", "properties": { "junction_id": 392551, "junction_lat": 51.7861871, "junction_lon": -1.2698164, "warning_lat": 51.785912546245861, "warning_lon": -1.2708121830964025, "danger_score": 0.7097, "junction_type": "T-junction", "merge_type": "minor_to_major", "street_count": 3, "approach_bearing": 66.0, "road_name": "Upland Park Road", "road_type": "residential", "major_road_class": 8, "minor_road_class": 2 }, "geometry": { "type": "Point", "coordinates": [ -1.270812183096403, 51.785912546245861 ] } },
{ "type": "Feature", "properties": { "junction_id": 392586, "junction_lat": 51.7912084, "junction_lon": -1.2717808, "warning_lat": 51.790947727803925, "warning_lon": -1.2727862943661454, "danger_score": 0.7275, "junction_type": "T-junction", "merge_type": "minor_to_major", "street_count": 3, "approach_bearing": 67.3, "road_name": "Five Mile Drive", "road_type": "residential", "major_road_class": 8, "minor_road_class": 2 }, "geometry": { "type": "Point", "coordinates": [ -1.272786294366145, 51.790947727803925 ] } },
{ "type": "Feature", "properties": { "junction_id": 392587, "junction_lat": 51.7902451, "junction_lon": -1.2713101, "warning_lat": 51.7903661, "warning_lon": -1.270716, "danger_score": 0.7033, "junction_type": "T-junction", "merge_type": "minor_to_major", "street_count": 3, "approach_bearing": 251.8, "road_name": "Lovelace Square", "road_type": "residential", "major_road_class": 8, "minor_road_class": 2 }, "geometry": { "type": "Point", "coordinates": [ -1.270716, 51.7903661 ] } },
{ "type": "Feature", "properties": { "junction_id": 392634, "junction_lat": 51.7928056, "junction_lon": -1.2717709, "warning_lat": 51.7923349, "warning_lon": -1.2719312, "danger_score": 0.7, "junction_type": "T-junction", "merge_type": "minor_to_major", "street_count": 3, "approach_bearing": 11.9, "road_name": "Banbury Road", "road_type": "residential", "major_road_class": 8, "minor_road_class": 2 }, "geometry": { "type": "Point", "coordinates": [ -1.2719312, 51.7923349 ] } },
{ "type": "Feature", "properties": { "junction_id": 392635, "junction_lat": 51.7933377, "junction_lon": -1.2715109, "warning_lat": 51.793771071179535, "warning_lon": -1.2720678529841403, "danger_score": 0.7609, "junction_type": "T-junction", "merge_type": "minor_to_major", "street_count": 3, "approach_bearing": 141.5, "road_name": "Jordan Hill", "road_type": [ "residential", "unclassified" ], "major_road_class": 8, "minor_road_class": 2 }, "geometry": { "type": "Point", "coordinates": [ -1.27206785298414, 51.793771071179535 ] } },
{ "type": "Feature", "properties": { "junction_id": 400858, "junction_lat": 51.7397468, "junction_lon": -1.2356164, "warning_lat": 51.740130942278171, "warning_lon": -1.234721090646214, "danger_score": 0.7172, "junction_type": "T-junction", "merge_type": "minor_to_major", "street_count": 3, "approach_bearing": 235.3, "road_name": "Charles Street", "road_type": "residential", "major_road_class": 8, "minor_road_class": 2 }, "geometry": { "type": "Point", "coordinates": [ -1.234721090646214, 51.740130942278171 ] } },
{ "type": "Feature", "properties": { "junction_id": 400862, "junction_lat": 51.7377205, "junction_lon": -1.235669, "warning_lat": 51.737106274624644, "warning_lon": -1.2352191001380732, "danger_score": 0.4772, "junction_type": "T-junction", "merge_type": "minor_to_major", "street_count": 3, "approach_bearing": 335.6, "road_name": "Townsend Square", "road_type": "residential", "major_road_class": 6, "minor_road_class": 2 }, "geometry": { "type": "Point", "coordinates": [ -1.235219100138073, 51.737106274624644 ] } },
{ "type": "Feature", "properties": { "junction_id": 401010, "junction_lat": 51.7317712, "junction_lon": -1.2488085, "warning_lat": 51.7316913, "warning_lon": -1.2492748, "danger_score": 0.4888, "junction_type": "T-junction", "merge_type": "minor_to_major", "street_count": 3, "approach_bearing": 74.5, "road_name": "Old Abingdon Road", "road_type": "tertiary", "major_road_class": 8, "minor_road_class": 4 }, "geometry": { "type": "Point", "coordinates": [ -1.2492748, 51.7316913 ] } },
{ "type": "Feature", "properties": { "junction_id": 401133, "junction_lat": 51.7362603, "junction_lon": -1.2512729, "warning_lat": 51.735916176065174, "warning_lon": -1.2522068995274238, "danger_score": 0.7509, "junction_type": "T-junction", "merge_type": "minor_to_major", "street_count": 3, "approach_bearing": 59.2, "road_name": "Monmouth Road", "road_type": "residential", "major_road_class": 8, "minor_road_class": 2 }, "geometry": { "type": "Point", "coordinates": [ -1.252206899527424, 51.735916176065174 ] } },
{ "type": "Feature", "properties": { "junction_id": 401172, "junction_lat": 51.7348777, "junction_lon": -1.2505042, "warning_lat": 51.734597124982372, "warning_lon": -1.2514849845610569, "danger_score": 0.7557, "junction_type": "T-junction", "merge_type": "minor_to_major", "street_count": 3, "approach_bearing": 65.2, "road_name": "Oswestry Road", "road_type": "residential", "major_road_class": 8, "minor_road_class": 2 }, "geometry": { "type": "Point", "coordinates": [ -1.251484984561057, 51.734597124982372 ] } },
{ "type": "Feature", "properties": { "junction_id": 408831, "junction_lat": 51.7361856, "junction_lon": -1.240055, "warning_lat": 51.736814357224972, "warning_lon": -1.2404406787389231, "danger_score": 0.5133, "junction_type": "T-junction", "merge_type": "minor_to_major", "street_count": 3, "approach_bearing": 159.2, "road_name": "Meadow Lane", "road_type": "residential", "major_road_class": 6, "minor_road_class": 2 }, "geometry": { "type": "Point", "coordinates": [ -1.240440678738923, 51.736814357224972 ] } },
{ "type": "Feature", "properties": { "junction_id": 427008, "junction_lat": 51.7266159, "junction_lon": -1.2238253, "warning_lat": 51.7265472, "warning_lon": -1.2243007, "danger_score": 0.7176, "junction_type": "T-junction", "merge_type": "minor_to_major", "street_count": 3, "approach_bearing": 76.9, "road_name": "Ashhurst Way", "road_type": "residential", "major_road_class": 8, "minor_road_class": 2 }, "geometry": { "type": "Point", "coordinates": [ -1.2243007, 51.7265472 ] } },
{ "type": "Feature", "properties": { "junction_id": 430347, "junction_lat": 51.7283296, "junction_lon": -1.2247368, "warning_lat": 51.7284153, "warning_lon": -1.2253768, "danger_score": 0.7935, "junction_type": "T-junction", "merge_type": "minor_to_major", "street_count": 3, "approach_bearing": 102.2, "road_name": "Courtland Road", "road_type": "residential", "major_road_class": 8, "minor_road_class": 2 }, "geometry": { "type": "Point", "coordinates": [ -1.2253768, 51.7284153 ] } },
{ "type": "Feature", "properties": { "junction_id": 430351, "junction_lat": 51.7287054, "junction_lon": -1.2249092, "warning_lat": 51.7284153, "warning_lon": -1.2253768, "danger_score": 0.7973, "junction_type": "T-junction", "merge_type": "minor_to_major", "street_count": 3, "approach_bearing": 45.0, "road_name": "Courtland Road", "road_type": "residential", "major_road_class": 8, "minor_road_class": 2 }, "geometry": { "type": "Point", "coordinates": [ -1.2253768, 51.7284153 ] } },
{ "type": "Feature", "properties": { "junction_id": 432021, "junction_lat": 51.7298791, "junction_lon": -1.2254236, "warning_lat": 51.729840882792473, "warning_lon": -1.2243414828945354, "danger_score": 0.7614, "junction_type": "T-junction", "merge_type": "minor_to_major", "street_count": 3, "approach_bearing": 273.3, "road_name": "Westbury Crescent", "road_type": "residential", "major_road_class": 8, "minor_road_class": 2 }, "geometry": { "type": "Point", "coordinates": [ -1.224341482894535, 51.729840882792473 ] } },
{ "type": "Feature", "properties": { "junction_id": 432036, "junction_lat": 51.7329303, "junction_lon": -1.2297987, "warning_lat": 51.732822611718369, "warning_lon": -1.2308260648328655, "danger_score": 0.7988, "junction_type": "T-junction", "merge_type": "minor_to_major", "street_count": 3, "approach_bearing": 80.4, "road_name": "Iffley Turn", "road_type": "residential", "major_road_class": 8, "minor_road_class": 2 }, "geometry": { "type": "Point", "coordinates": [ -1.230826064832865, 51.732822611718369 ] } },
{ "type": "Feature", "properties": { "junction_id": 437728, "junction_lat": 51.7476188, "junction_lon": -1.2363515, "warning_lat": 51.747005640087572, "warning_lon": -1.2368053970015249, "danger_score": 0.4758, "junction_type": "T-junction", "merge_type": "minor_to_major", "street_count": 3, "approach_bearing": 24.6, "road_name": "Crown Street", "road_type": "residential", "major_road_class": 6, "minor_road_class": 2 }, "geometry": { "type": "Point", "coordinates": [ -1.236805397001525, 51.747005640087572 ] } },
{ "type": "Feature", "properties": { "junction_id": 437729, "junction_lat": 51.7469682, "junction_lon": -1.2342886, "warning_lat": 51.7473934, "warning_lon": -1.2337906, "danger_score": 0.4804, "junction_type": "T-junction", "merge_type": "minor_to_major", "street_count": 3, "approach_bearing": 215.9, "road_name": "East Avenue", "road_type": "residential", "major_road_class": 6, "minor_road_class": 2 }, "geometry": { "type": "Point", "coordinates": [ -1.2337906, 51.7473934 ] } },
{ "type": "Feature", "properties": { "junction_id": 437734, "junction_lat": 51.7433676, "junction_lon": -1.2275709, "warning_lat": 51.743830164311916, "warning_lon": -1.2267788157744286, "danger_score": 0.4667, "junction_type": "T-junction", "merge_type": "minor_to_major", "street_count": 3, "approach_bearing": 226.7, "road_name": "Belvedere Road", "road_type": "residential", "major_road_class": 6, "minor_road_class": 2 }, "geometry": { "type": "Point", "coordinates": [ -1.226778815774429, 51.743830164311916 ] } },
{ "type": "Feature", "properties": { "junction_id": 437736, "junction_lat": 51.7410804, "junction_lon": -1.2246515, "warning_lat": 51.741530398504757, "warning_lon": -1.2238400915294327, "danger_score": 0.4764, "junction_type": "T-junction", "merge_type": "minor_to_major", "street_count": 3, "approach_bearing": 228.2, "road_name": "Glanville Road", "road_type": "residential", "major_road_class": 6, "minor_road_class": 2 }, "geometry": { "type": "Point", "coordinates": [ -1.223840091529433, 51.741530398504757 ] } },
{ "type": "Feature", "properties": { "junction_id": 437744, "junction_lat": 51.737726, "junction_lon": -1.2191358, "warning_lat": 51.737257776845517, "warning_lon": -1.2199194080031792, "danger_score": 0.4693, "junction_type": "T-junction", "merge_type": "minor_to_major", "street_count": 3, "approach_bearing": 46.0, "road_name": "Hendred Street", "road_type": "residential", "major_road_class": 6, "minor_road_class": 2 }, "geometry": { "type": "Point", "coordinates": [ -1.219919408003179, 51.737257776845517 ] } },
{ "type": "Feature", "properties": { "junction_id": 437750, "junction_lat": 51.7345538, "junction_lon": -1.2131992, "warning_lat": 51.735127077293733, "warning_lon": -1.2126312139778239, "danger_score": 0.4841, "junction_type": "T-junction", "merge_type": "minor_to_major", "street_count": 3, "approach_bearing": 211.5, "road_name": "Temple Road", "road_type": "residential", "major_road_class": 6, "minor_road_class": 2 }, "geometry": { "type": "Point", "coordinates": [ -1.212631213977824, 51.735127077293733 ] } },
{ "type": "Feature", "properties": { "junction_id": 437753, "junction_lat": 51.7326123, "junction_lon": -1.2145627, "warning_lat": 51.7323062, "warning_lon": -1.2145456, "danger_score": 0.5049, "junction_type": "5-way", "merge_type": "minor_to_major", "street_count": 5, "approach_bearing": 358.0, "road_name": "Unnamed", "road_type": "tertiary", "major_road_class": 6, "minor_road_class": 4 }, "geometry": { "type": "Point", "coordinates": [ -1.2145456, 51.7323062 ] } },
{ "type": "Feature", "properties": { "junction_id": 437755, "junction_lat": 51.7322071, "junction_lon": -1.2185222, "warning_lat": 51.731542342139228, "warning_lon": -1.2183902360318701, "danger_score": 0.6755, "junction_type": "Crossroads", "merge_type": "minor_to_major", "street_count": 4, "approach_bearing": 353.0, "road_name": "Crowell Road", "road_type": [ "residential", "unclassified" ], "major_road_class": 6, "minor_road_class": 2 }, "geometry": { "type": "Point", "coordinates": [ -1.21839023603187, 51.731542342139228 ] } },
{ "type": "Feature", "properties": { "junction_id": 437755, "junction_lat": 51.7322071, "junction_lon": -1.2185222, "warning_lat": 51.732653160298987, "warning_lon": -1.2179988601528922, "danger_score": 0.6755, "junction_type": "Crossroads", "merge_type": "minor_to_major", "street_count": 4, "approach_bearing": 216.0, "road_name": "John Allen Way", "road_type": "unclassified", "major_road_class": 6, "minor_road_class": 3 }, "geometry": { "type": "Point", "coordinates": [ -1.217998860152892, 51.732653160298987 ] } },
{ "type": "Feature", "properties": { "junction_id": 437762, "junction_lat": 51.7406107, "junction_lon": -1.223929, "warning_lat": 51.740172204867505, "warning_lon": -1.2247566523480591, "danger_score": 0.4885, "junction_type": "T-junction", "merge_type": "minor_to_major", "street_count": 3, "approach_bearing": 49.4, "road_name": "Shelley Road", "road_type": "residential", "major_road_class": 6, "minor_road_class": 2 }, "geometry": { "type": "Point", "coordinates": [ -1.224756652348059, 51.740172204867505 ] } },
{ "type": "Feature", "properties": { "junction_id": 437763, "junction_lat": 51.739538, "junction_lon": -1.2217982, "warning_lat": 51.7399729952458, "warning_lon": -1.2209716618816029, "danger_score": 0.4752, "junction_type": "T-junction", "merge_type": "minor_to_major", "street_count": 3, "approach_bearing": 229.6, "road_name": "Gillians Way", "road_type": "residential", "major_road_class": 6, "minor_road_class": 2 }, "geometry": { "type": "Point", "coordinates": [ -1.220971661881603, 51.7399729952458 ] } },
{ "type": "Feature", "properties": { "junction_id": 440085, "junction_lat": 51.7618039, "junction_lon": -1.2682069, "warning_lat": 51.761997143704747, "warning_lon": -1.2692375624727859, "danger_score": 0.3575, "junction_type": "Crossroads", "merge_type": "minor_to_major", "street_count": 4, "approach_bearing": 106.9, "road_name": "Walton Well Road", "road_type": "residential", "major_road_class": 4, "minor_road_class": 2 }, "geometry": { "type": "Point", "coordinates": [ -1.269237562472786, 51.761997143704747 ] } },
{ "type": "Feature", "properties": { "junction_id": 440085, "junction_lat": 51.7618039, "junction_lon": -1.2682069, "warning_lat": 51.761906571599155, "warning_lon": -1.2671378106636133, "danger_score": 0.3575, "junction_type": "Crossroads", "merge_type": "minor_to_major", "street_count": 4, "approach_bearing": 261.2, "road_name": "St Bernard's Road", "road_type": "residential", "major_road_class": 4, "minor_road_class": 2 }, "geometry": { "type": "Point", "coordinates": [ -1.267137810663613, 51.761906571599155 ] } },
{ "type": "Feature", "properties": { "junction_id": 440090, "junction_lat": 51.7624483, "junction_lon": -1.2631972, "warning_lat": 51.7624136, "warning_lon": -1.2633283, "danger_score": 0.7, "junction_type": "T-junction", "merge_type": "minor_to_major", "street_count": 3, "approach_bearing": 66.8, "road_name": "St Bernard's Road", "road_type": "residential", "major_road_class": 8, "minor_road_class": 2 }, "geometry": { "type": "Point", "coordinates": [ -1.2633283, 51.7624136 ] } },
{ "type": "Feature", "properties": { "junction_id": 440092, "junction_lat": 51.7632436, "junction_lon": -1.2636968, "warning_lat": 51.763000576160501, "warning_lon": -1.2647131982762498, "danger_score": 0.7089, "junction_type": "T-junction", "merge_type": "minor_to_major", "street_count": 3, "approach_bearing": 68.9, "road_name": "Plantation Road", "road_type": "residential", "major_road_class": 8, "minor_road_class": 2 }, "geometry": { "type": "Point", "coordinates": [ -1.26471319827625, 51.763000576160501 ] } },
{ "type": "Feature", "properties": { "junction_id": 440093, "junction_lat": 51.7642258, "junction_lon": -1.2643541, "warning_lat": 51.763958665824937, "warning_lon": -1.2653546640431677, "danger_score": 0.7028, "junction_type": "T-junction", "merge_type": "minor_to_major", "street_count": 3, "approach_bearing": 66.7, "road_name": "Leckford Road", "road_type": "residential", "major_road_class": 8, "minor_road_class": 2 }, "geometry": { "type": "Point", "coordinates": [ -1.265354664043168, 51.763958665824937 ] } },
{ "type": "Feature", "properties": { "junction_id": 440150, "junction_lat": 51.7819436, "junction_lon": -1.2669666, "warning_lat": 51.781695678949141, "warning_lon": -1.2679796385177307, "danger_score": 0.7112, "junction_type": "T-junction", "merge_type": "minor_to_major", "street_count": 3, "approach_bearing": 68.4, "road_name": "Summerhill Road", "road_type": "residential", "major_road_class": 8, "minor_road_class": 2 }, "geometry": { "type": "Point", "coordinates": [ -1.267979638517731, 51.781695678949141 ] } },
{ "type": "Feature", "properties": { "junction_id": 440151, "junction_lat": 51.7810409, "junction_lon": -1.2664559, "warning_lat": 51.780781691968215, "warning_lon": -1.2674623793496498, "danger_score": 0.718, "junction_type": "T-junction", "merge_type": "minor_to_major", "street_count": 3, "approach_bearing": 67.4, "road_name": "Hobson Road", "road_type": "residential", "major_road_class": 8, "minor_road_class": 2 }, "geometry": { "type": "Point", "coordinates": [ -1.26746237934965, 51.780781691968215 ] } },
{ "type": "Feature", "properties": { "junction_id": 440152, "junction_lat": 51.7798332, "junction_lon": -1.2658337, "warning_lat": 51.779543246614161, "warning_lon": -1.2668179439092186, "danger_score": 0.7366, "junction_type": "T-junction", "merge_type": "minor_to_major", "street_count": 3, "approach_bearing": 64.5, "road_name": "Rogers Street", "road_type": "residential", "major_road_class": 8, "minor_road_class": 2 }, "geometry": { "type": "Point", "coordinates": [ -1.266817943909219, 51.779543246614161 ] } },
{ "type": "Feature", "properties": { "junction_id": 440153, "junction_lat": 51.7787647, "junction_lon": -1.2654126, "warning_lat": 51.778504805663836, "warning_lon": -1.2664181020768306, "danger_score": 0.6192, "junction_type": "T-junction", "merge_type": "minor_to_major", "street_count": 3, "approach_bearing": 67.3, "road_name": "South Parade", "road_type": "unclassified", "major_road_class": 8, "minor_road_class": 3 }, "geometry": { "type": "Point", "coordinates": [ -1.266418102076831, 51.778504805663836 ] } },
{ "type": "Feature", "properties": { "junction_id": 440155, "junction_lat": 51.7754981, "junction_lon": -1.2641615, "warning_lat": 51.775320442367232, "warning_lon": -1.2652130998091224, "danger_score": 0.7063, "junction_type": "T-junction", "merge_type": "minor_to_major", "street_count": 3, "approach_bearing": 74.7, "road_name": "Thorncliffe Road", "road_type": "residential", "major_road_class": 8, "minor_road_class": 2 }, "geometry": { "type": "Point", "coordinates": [ -1.265213099809122, 51.775320442367232 ] } },
{ "type": "Feature", "properties": { "junction_id": 440249, "junction_lat": 51.7706912, "junction_lon": -1.2665586, "warning_lat": 51.770514792655412, "warning_lon": -1.2676104209106283, "danger_score": 0.7016, "junction_type": "T-junction", "merge_type": "minor_to_major", "street_count": 3, "approach_bearing": 74.8, "road_name": "Frenchay Road", "road_type": "residential", "major_road_class": 8, "minor_road_class": 2 }, "geometry": { "type": "Point", "coordinates": [ -1.267610420910628, 51.770514792655412 ] } },
{ "type": "Feature", "properties": { "junction_id": 440952, "junction_lat": 51.7364928, "junction_lon": -1.2391766, "warning_lat": 51.737129976166464, "warning_lon": -1.2395333855113664, "danger_score": 0.6259, "junction_type": "Crossroads", "merge_type": "minor_to_major", "street_count": 4, "approach_bearing": 160.9, "road_name": "Swinburne Road", "road_type": "residential", "major_road_class": 6, "minor_road_class": 2 }, "geometry": { "type": "Point", "coordinates": [ -1.239533385511366, 51.737129976166464 ] } },
{ "type": "Feature", "properties": { "junction_id": 440952, "junction_lat": 51.7364928, "junction_lon": -1.2391766, "warning_lat": 51.735911473865144, "warning_lon": -1.2386248686317998, "danger_score": 0.6259, "junction_type": "Crossroads", "merge_type": "minor_to_major", "street_count": 4, "approach_bearing": 329.6, "road_name": "Freelands Road", "road_type": "residential", "major_road_class": 6, "minor_road_class": 2 }, "geometry": { "type": "Point", "coordinates": [ -1.2386248686318, 51.735911473865144 ] } },
{ "type": "Feature", "properties": { "junction_id": 440953, "junction_lat": 51.7369658, "junction_lon": -1.237858, "warning_lat": 51.737576548266738, "warning_lon": -1.2383202002685429, "danger_score": 0.485, "junction_type": "Crossroads", "merge_type": "minor_to_major", "street_count": 4, "approach_bearing": 154.9, "road_name": "Arnold Road", "road_type": "residential", "major_road_class": 6, "minor_road_class": 2 }, "geometry": { "type": "Point", "coordinates": [ -1.238320200268543, 51.737576548266738 ] } },
{ "type": "Feature", "properties": { "junction_id": 440953, "junction_lat": 51.7369658, "junction_lon": -1.237858, "warning_lat": 51.7363542608337, "warning_lon": -1.2373985424606067, "danger_score": 0.485, "junction_type": "Crossroads", "merge_type": "minor_to_major", "street_count": 4, "approach_bearing": 335.0, "road_name": "Arnold Road", "road_type": "residential", "major_road_class": 6, "minor_road_class": 2 }, "geometry": { "type": "Point", "coordinates": [ -1.237398542460607, 51.7363542608337 ] } },
{ "type": "Feature", "properties": { "junction_id": 440965, "junction_lat": 51.7375151, "junction_lon": -1.2363031, "warning_lat": 51.7381575, "warning_lon": -1.2365293, "danger_score": 0.5177, "junction_type": "T-junction", "merge_type": "minor_to_major", "street_count": 3, "approach_bearing": 167.7, "road_name": "Addison Crescent", "road_type": "residential", "major_road_class": 6, "minor_road_class": 2 }, "geometry": { "type": "Point", "coordinates": [ -1.2365293, 51.7381575 ] } },
{ "type": "Feature", "properties": { "junction_id": 440974, "junction_lat": 51.7394549, "junction_lon": -1.2354152, "warning_lat": 51.739135723536982, "warning_lon": -1.2363746865423946, "danger_score": 0.7216, "junction_type": "T-junction", "merge_type": "minor_to_major", "street_count": 3, "approach_bearing": 61.8, "road_name": "Fairacres Road", "road_type": "residential", "major_road_class": 8, "minor_road_class": 2 }, "geometry": { "type": "Point", "coordinates": [ -1.236374686542395, 51.739135723536982 ] } },
{ "type": "Feature", "properties": { "junction_id": 441058, "junction_lat": 51.7403583, "junction_lon": -1.2361759, "warning_lat": 51.740077951924022, "warning_lon": -1.2371663935225361, "danger_score": 0.7335, "junction_type": "T-junction", "merge_type": "minor_to_major", "street_count": 3, "approach_bearing": 65.4, "road_name": "Daubeny Road", "road_type": "residential", "major_road_class": 8, "minor_road_class": 2 }, "geometry": { "type": "Point", "coordinates": [ -1.237166393522536, 51.740077951924022 ] } },
{ "type": "Feature", "properties": { "junction_id": 441060, "junction_lat": 51.7425542, "junction_lon": -1.2386336, "warning_lat": 51.742187364882433, "warning_lon": -1.2395477043062855, "danger_score": 0.7, "junction_type": "T-junction", "merge_type": "minor_to_major", "street_count": 3, "approach_bearing": 57.1, "road_name": "Chester Street", "road_type": "residential", "major_road_class": 8, "minor_road_class": 2 }, "geometry": { "type": "Point", "coordinates": [ -1.239547704306285, 51.742187364882433 ] } },
{ "type": "Feature", "properties": { "junction_id": 441061, "junction_lat": 51.742721, "junction_lon": -1.2387849, "warning_lat": 51.743143808297525, "warning_lon": -1.2379362633113826, "danger_score": 0.7402, "junction_type": "T-junction", "merge_type": "minor_to_major", "street_count": 3, "approach_bearing": 231.2, "road_name": "Aston Street", "road_type": "residential", "major_road_class": 8, "minor_road_class": 2 }, "geometry": { "type": "Point", "coordinates": [ -1.237936263311383, 51.743143808297525 ] } },
{ "type": "Feature", "properties": { "junction_id": 441080, "junction_lat": 51.7466979, "junction_lon": -1.2411608, "warning_lat": 51.747033050729605, "warning_lon": -1.2402154193875004, "danger_score": 0.7482, "junction_type": "T-junction", "merge_type": "minor_to_major", "street_count": 3, "approach_bearing": 240.2, "road_name": "Marston Street", "road_type": "residential", "major_road_class": 8, "minor_road_class": 2 }, "geometry": { "type": "Point", "coordinates": [ -1.2402154193875, 51.747033050729605 ] } },
{ "type": "Feature", "properties": { "junction_id": 441147, "junction_lat": 51.7524425, "junction_lon": -1.2493329, "warning_lat": 51.751797217567344, "warning_lon": -1.2496488488845277, "danger_score": 0.3916, "junction_type": "T-junction", "merge_type": "minor_to_major", "street_count": 3, "approach_bearing": 16.9, "road_name": "Merton Street", "road_type": "residential", "major_road_class": 4, "minor_road_class": 2 }, "geometry": { "type": "Point", "coordinates": [ -1.249648848884528, 51.751797217567344 ] } },
{ "type": "Feature", "properties": { "junction_id": 448379, "junction_lat": 51.7689708, "junction_lon": -1.2338818, "warning_lat": 51.768828873411756, "warning_lon": -1.2348914216879221, "danger_score": 0.5935, "junction_type": "T-junction", "merge_type": "minor_to_major", "street_count": 3, "approach_bearing": 77.2, "road_name": "Ewin Close", "road_type": "residential", "major_road_class": 6, "minor_road_class": 2 }, "geometry": { "type": "Point", "coordinates": [ -1.234891421687922, 51.768828873411756 ] } },
{ "type": "Feature", "properties": { "junction_id": 448380, "junction_lat": 51.7693578, "junction_lon": -1.2345147, "warning_lat": 51.769879179788639, "warning_lon": -1.2338489616997306, "danger_score": 0.5666, "junction_type": "T-junction", "merge_type": "minor_to_major", "street_count": 3, "approach_bearing": 218.3, "road_name": "Elms Drive", "road_type": "residential", "major_road_class": 6, "minor_road_class": 2 }, "geometry": { "type": "Point", "coordinates": [ -1.233848961699731, 51.769879179788639 ] } },
{ "type": "Feature", "properties": { "junction_id": 448383, "junction_lat": 51.7668036, "junction_lon": -1.2303131, "warning_lat": 51.767205206228319, "warning_lon": -1.2294395255885817, "danger_score": 0.5224, "junction_type": "T-junction", "merge_type": "minor_to_major", "street_count": 3, "approach_bearing": 233.4, "road_name": "Derwent Avenue", "road_type": "residential", "major_road_class": 6, "minor_road_class": 2 }, "geometry": { "type": "Point", "coordinates": [ -1.229439525588582, 51.767205206228319 ] } },
{ "type": "Feature", "properties": { "junction_id": 448384, "junction_lat": 51.7662116, "junction_lon": -1.2293323, "warning_lat": 51.766625310088941, "warning_lon": -1.2284718027954373, "danger_score": 0.5191, "junction_type": "T-junction", "merge_type": "minor_to_major", "street_count": 3, "approach_bearing": 232.2, "road_name": "Coniston Avenue", "road_type": "residential", "major_road_class": 6, "minor_road_class": 2 }, "geometry": { "type": "Point", "coordinates": [ -1.228471802795437, 51.766625310088941 ] } },
{ "type": "Feature", "properties": { "junction_id": 450282, "junction_lat": 51.7486227, "junction_lon": -1.2396778, "warning_lat": 51.7485519, "warning_lon": -1.23974, "danger_score": 0.4757, "junction_type": "T-junction", "merge_type": "minor_to_major", "street_count": 3, "approach_bearing": 28.5, "road_name": "Stockmore Street", "road_type": "residential", "major_road_class": 6, "minor_road_class": 2 }, "geometry": { "type": "Point", "coordinates": [ -1.23974, 51.7485519 ] } },
{ "type": "Feature", "properties": { "junction_id": 503442, "junction_lat": 51.7472937, "junction_lon": -1.2352451, "warning_lat": 51.7471119, "warning_lon": -1.2354061, "danger_score": 0.4691, "junction_type": "T-junction", "merge_type": "minor_to_major", "street_count": 3, "approach_bearing": 28.7, "road_name": "Bullingdon Road", "road_type": "residential", "major_road_class": 6, "minor_road_class": 2 }, "geometry": { "type": "Point", "coordinates": [ -1.2354061, 51.7471119 ] } },
{ "type": "Feature", "properties": { "junction_id": 503443, "junction_lat": 51.7478763, "junction_lon": -1.2371885, "warning_lat": 51.747271680156345, "warning_lon": -1.237671317012542, "danger_score": 0.4677, "junction_type": "T-junction", "merge_type": "minor_to_major", "street_count": 3, "approach_bearing": 26.3, "road_name": "James Street", "road_type": "residential", "major_road_class": 6, "minor_road_class": 2 }, "geometry": { "type": "Point", "coordinates": [ -1.237671317012542, 51.747271680156345 ] } },
{ "type": "Feature", "properties": { "junction_id": 503445, "junction_lat": 51.7473947, "junction_lon": -1.2418042, "warning_lat": 51.7477292481611, "warning_lon": -1.2408582425850385, "danger_score": 0.7404, "junction_type": "T-junction", "merge_type": "minor_to_major", "street_count": 3, "approach_bearing": 240.3, "road_name": "Stockmore Street", "road_type": "residential", "major_road_class": 8, "minor_road_class": 2 }, "geometry": { "type": "Point", "coordinates": [ -1.240858242585039, 51.7477292481611 ] } },
{ "type": "Feature", "properties": { "junction_id": 534732, "junction_lat": 51.7348214, "junction_lon": -1.2504783, "warning_lat": 51.734975288280573, "warning_lon": -1.2494185107099229, "danger_score": 0.7201, "junction_type": "T-junction", "merge_type": "minor_to_major", "street_count": 3, "approach_bearing": 256.8, "road_name": "Chatham Road", "road_type": "residential", "major_road_class": 8, "minor_road_class": 2 }, "geometry": { "type": "Point", "coordinates": [ -1.249418510709923, 51.734975288280573 ] } },
{ "type": "Feature", "properties": { "junction_id": 534868, "junction_lat": 51.7580652, "junction_lon": -1.2564895, "warning_lat": 51.757777854969191, "warning_lon": -1.2574753388752706, "danger_score": 0.4194, "junction_type": "T-junction", "merge_type": "minor_to_major", "street_count": 3, "approach_bearing": 64.8, "road_name": [ "Museum Road", "Blackhall Road" ], "road_type": "residential", "major_road_class": 4, "minor_road_class": 2 }, "geometry": { "type": "Point", "coordinates": [ -1.257475338875271, 51.757777854969191 ] } },
{ "type": "Feature", "properties": { "junction_id": 535167, "junction_lat": 51.7656453, "junction_lon": -1.2610126, "warning_lat": 51.765414450781577, "warning_lon": -1.2620366051558889, "danger_score": 0.7235, "junction_type": "T-junction", "merge_type": "minor_to_major", "street_count": 3, "approach_bearing": 70.0, "road_name": "Canterbury Road", "road_type": "residential", "major_road_class": 8, "minor_road_class": 2 }, "geometry": { "type": "Point", "coordinates": [ -1.262036605155889, 51.765414450781577 ] } },
{ "type": "Feature", "properties": { "junction_id": 535172, "junction_lat": 51.7630143, "junction_lon": -1.260624, "warning_lat": 51.762789740657041, "warning_lon": -1.2616515784101168, "danger_score": 0.6215, "junction_type": "T-junction", "merge_type": "minor_to_major", "street_count": 3, "approach_bearing": 70.6, "road_name": "Bevington Road", "road_type": "unclassified", "major_road_class": 8, "minor_road_class": 3 }, "geometry": { "type": "Point", "coordinates": [ -1.261651578410117, 51.762789740657041 ] } },
{ "type": "Feature", "properties": { "junction_id": 535175, "junction_lat": 51.7619414, "junction_lon": -1.2603809, "warning_lat": 51.761887, "warning_lon": -1.2600132, "danger_score": 0.5494, "junction_type": "T-junction", "merge_type": "minor_to_major", "street_count": 3, "approach_bearing": 283.4, "road_name": "Parks Road", "road_type": "tertiary", "major_road_class": 8, "minor_road_class": 4 }, "geometry": { "type": "Point", "coordinates": [ -1.2600132, 51.761887 ] } },
{ "type": "Feature", "properties": { "junction_id": 535176, "junction_lat": 51.7676535, "junction_lon": -1.2616528, "warning_lat": 51.76749223917593, "warning_lon": -1.2627109632352211, "danger_score": 0.7194, "junction_type": "T-junction", "merge_type": "minor_to_major", "street_count": 3, "approach_bearing": 76.2, "road_name": "St Margaret's Road", "road_type": "residential", "major_road_class": 8, "minor_road_class": 2 }, "geometry": { "type": "Point", "coordinates": [ -1.262710963235221, 51.76749223917593 ] } },
{ "type": "Feature", "properties": { "junction_id": 535182, "junction_lat": 51.7730259, "junction_lon": -1.2632053, "warning_lat": 51.772867804788198, "warning_lon": -1.2642644982658724, "danger_score": 0.7318, "junction_type": "T-junction", "merge_type": "minor_to_major", "street_count": 3, "approach_bearing": 76.4, "road_name": "Lathbury Road", "road_type": "residential", "major_road_class": 8, "minor_road_class": 2 }, "geometry": { "type": "Point", "coordinates": [ -1.264264498265872, 51.772867804788198 ] } },
{ "type": "Feature", "properties": { "junction_id": 535183, "junction_lat": 51.7719378, "junction_lon": -1.2628442, "warning_lat": 51.77170123627419, "warning_lon": -1.2638645740929706, "danger_score": 0.7858, "junction_type": "T-junction", "merge_type": "minor_to_major", "street_count": 3, "approach_bearing": 69.5, "road_name": "Staverton Road", "road_type": "residential", "major_road_class": 8, "minor_road_class": 2 }, "geometry": { "type": "Point", "coordinates": [ -1.263864574092971, 51.77170123627419 ] } },
{ "type": "Feature", "properties": { "junction_id": 535189, "junction_lat": 51.7703684, "junction_lon": -1.2664305, "warning_lat": 51.770671396355276, "warning_lon": -1.2654674453824855, "danger_score": 0.7716, "junction_type": "T-junction", "merge_type": "minor_to_major", "street_count": 3, "approach_bearing": 243.1, "road_name": "Staverton Road", "road_type": "residential", "major_road_class": 8, "minor_road_class": 2 }, "geometry": { "type": "Point", "coordinates": [ -1.265467445382485, 51.770671396355276 ] } },
{ "type": "Feature", "properties": { "junction_id": 535190, "junction_lat": 51.7684477, "junction_lon": -1.265708, "warning_lat": 51.768604088054566, "warning_lon": -1.2646482839864095, "danger_score": 0.7004, "junction_type": "T-junction", "merge_type": "minor_to_major", "street_count": 3, "approach_bearing": 256.6, "road_name": "Rawlinson Road", "road_type": "residential", "major_road_class": 8, "minor_road_class": 2 }, "geometry": { "type": "Point", "coordinates": [ -1.264648283986409, 51.768604088054566 ] } },
{ "type": "Feature", "properties": { "junction_id": 535191, "junction_lat": 51.7689996, "junction_lon": -1.2619107, "warning_lat": 51.768907503749446, "warning_lon": -1.2629896365109772, "danger_score": 0.7215, "junction_type": "T-junction", "merge_type": "minor_to_major", "street_count": 3, "approach_bearing": 82.1, "road_name": "Rawlinson Road", "road_type": "residential", "major_road_class": 8, "minor_road_class": 2 }, "geometry": { "type": "Point", "coordinates": [ -1.262989636510977, 51.768907503749446 ] } },
{ "type": "Feature", "properties": { "junction_id": 535247, "junction_lat": 51.7804186, "junction_lon": -1.2661245, "warning_lat": 51.780142885148635, "warning_lon": -1.2671194638640457, "danger_score": 0.7185, "junction_type": "T-junction", "merge_type": "minor_to_major", "street_count": 3, "approach_bearing": 65.9, "road_name": "Grove Street", "road_type": "residential", "major_road_class": 8, "minor_road_class": 2 }, "geometry": { "type": "Point", "coordinates": [ -1.267119463864046, 51.780142885148635 ] } },
{ "type": "Feature", "properties": { "junction_id": 535250, "junction_lat": 51.7825181, "junction_lon": -1.273776, "warning_lat": 51.78289708835235, "warning_lon": -1.2728751270689906, "danger_score": 0.7496, "junction_type": "T-junction", "merge_type": "minor_to_major", "street_count": 3, "approach_bearing": 235.8, "road_name": "Field House Drive", "road_type": "residential", "major_road_class": 8, "minor_road_class": 2 }, "geometry": { "type": "Point", "coordinates": [ -1.272875127068991, 51.78289708835235 ] } },
{ "type": "Feature", "properties": { "junction_id": 535252, "junction_lat": 51.7773518, "junction_lon": -1.2700432, "warning_lat": 51.777672611455657, "warning_lon": -1.2690852502152883, "danger_score": 0.5833, "junction_type": "T-junction", "merge_type": "minor_to_major", "street_count": 3, "approach_bearing": 241.6, "road_name": "South Parade", "road_type": "unclassified", "major_road_class": 8, "minor_road_class": 3 }, "geometry": { "type": "Point", "coordinates": [ -1.269085250215288, 51.777672611455657 ] } },
{ "type": "Feature", "properties": { "junction_id": 535253, "junction_lat": 51.7755573, "junction_lon": -1.268614, "warning_lat": 51.775838779304564, "warning_lon": -1.2676282182209235, "danger_score": 0.7237, "junction_type": "T-junction", "merge_type": "minor_to_major", "street_count": 3, "approach_bearing": 245.2, "road_name": "Oakthorpe Road", "road_type": "residential", "major_road_class": 8, "minor_road_class": 2 }, "geometry": { "type": "Point", "coordinates": [ -1.267628218220924, 51.775838779304564 ] } },
{ "type": "Feature", "properties": { "junction_id": 535254, "junction_lat": 51.7740763, "junction_lon": -1.2675589, "warning_lat": 51.774255695065015, "warning_lon": -1.2665081214278986, "danger_score": 0.7161, "junction_type": "T-junction", "merge_type": "minor_to_major", "street_count": 3, "approach_bearing": 254.6, "road_name": "Beech Croft Road", "road_type": "residential", "major_road_class": 8, "minor_road_class": 2 }, "geometry": { "type": "Point", "coordinates": [ -1.266508121427899, 51.774255695065015 ] } },
{ "type": "Feature", "properties": { "junction_id": 535255, "junction_lat": 51.774684, "junction_lon": -1.263849, "warning_lat": 51.774514274165867, "warning_lon": -1.2649039953155017, "danger_score": 0.705, "junction_type": "T-junction", "merge_type": "minor_to_major", "street_count": 3, "approach_bearing": 75.4, "road_name": "Beech Croft Road", "road_type": "residential", "major_road_class": 8, "minor_road_class": 2 }, "geometry": { "type": "Point", "coordinates": [ -1.264903995315502, 51.774514274165867 ] } },
{ "type": "Feature", "properties": { "junction_id": 535257, "junction_lat": 51.7859999, "junction_lon": -1.2785437, "warning_lat": 51.786297309050262, "warning_lon": -1.2775651562096604, "danger_score": 0.7094, "junction_type": "T-junction", "merge_type": "minor_to_major", "street_count": 3, "approach_bearing": 243.8, "road_name": "Blandford Avenue", "road_type": "residential", "major_road_class": 8, "minor_road_class": 2 }, "geometry": { "type": "Point", "coordinates": [ -1.27756515620966, 51.786297309050262 ] } },
{ "type": "Feature", "properties": { "junction_id": 535261, "junction_lat": 51.7871468, "junction_lon": -1.2701743, "warning_lat": 51.786882166821137, "warning_lon": -1.2711753988089198, "danger_score": 0.7547, "junction_type": "T-junction", "merge_type": "minor_to_major", "street_count": 3, "approach_bearing": 66.9, "road_name": "Davenant Road", "road_type": "residential", "major_road_class": 8, "minor_road_class": 2 }, "geometry": { "type": "Point", "coordinates": [ -1.27117539880892, 51.786882166821137 ] } },
{ "type": "Feature", "properties": { "junction_id": 535264, "junction_lat": 51.7848744, "junction_lon": -1.2689956, "warning_lat": 51.784629797719141, "warning_lon": -1.2700116944862698, "danger_score": 0.7, "junction_type": "T-junction", "merge_type": "minor_to_major", "street_count": 3, "approach_bearing": 68.7, "road_name": "Apsley Road", "road_type": "residential", "major_road_class": 8, "minor_road_class": 2 }, "geometry": { "type": "Point", "coordinates": [ -1.27001169448627, 51.784629797719141 ] } },
{ "type": "Feature", "properties": { "junction_id": 535265, "junction_lat": 51.7882501, "junction_lon": -1.2723816, "warning_lat": 51.7881311, "warning_lon": -1.2723867, "danger_score": 0.7086, "junction_type": "T-junction", "merge_type": "minor_to_major", "street_count": 3, "approach_bearing": 1.5, "road_name": "Blandford Avenue", "road_type": "residential", "major_road_class": 9, "minor_road_class": 2 }, "geometry": { "type": "Point", "coordinates": [ -1.2723867, 51.7881311 ] } },
{ "type": "Feature", "properties": { "junction_id": 553044, "junction_lat": 51.7650045, "junction_lon": -1.2608366, "warning_lat": 51.765160782922003, "warning_lon": -1.2597766673857995, "danger_score": 0.7227, "junction_type": "T-junction", "merge_type": "minor_to_major", "street_count": 3, "approach_bearing": 256.6, "road_name": "Norham Road", "road_type": "residential", "major_road_class": 8, "minor_road_class": 2 }, "geometry": { "type": "Point", "coordinates": [ -1.2597766673858, 51.765160782922003 ] } },
{ "type": "Feature", "properties": { "junction_id": 553088, "junction_lat": 51.7670527, "junction_lon": -1.2614894, "warning_lat": 51.767241395872666, "warning_lon": -1.2604461920086345, "danger_score": 0.7451, "junction_type": "T-junction", "merge_type": "minor_to_major", "street_count": 3, "approach_bearing": 253.7, "road_name": "Bardwell Road", "road_type": "residential", "major_road_class": 8, "minor_road_class": 2 }, "geometry": { "type": "Point", "coordinates": [ -1.260446192008635, 51.767241395872666 ] } },
{ "type": "Feature", "properties": { "junction_id": 553123, "junction_lat": 51.7727134, "junction_lon": -1.2630857, "warning_lat": 51.773054119181218, "warning_lon": -1.2621897443929506, "danger_score": 0.7179, "junction_type": "T-junction", "merge_type": "minor_to_major", "street_count": 3, "approach_bearing": 238.4, "road_name": "Cunliffe Close", "road_type": "residential", "major_road_class": 8, "minor_road_class": 2 }, "geometry": { "type": "Point", "coordinates": [ -1.262189744392951, 51.773054119181218 ] } },
{ "type": "Feature", "properties": { "junction_id": 553129, "junction_lat": 51.7717872, "junction_lon": -1.2628034, "warning_lat": 51.771939488349005, "warning_lon": -1.2617417575433849, "danger_score": 0.723, "junction_type": "T-junction", "merge_type": "minor_to_major", "street_count": 3, "approach_bearing": 256.9, "road_name": "Belbroughton Road", "road_type": "residential", "major_road_class": 8, "minor_road_class": 2 }, "geometry": { "type": "Point", "coordinates": [ -1.261741757543385, 51.771939488349005 ] } },
{ "type": "Feature", "properties": { "junction_id": 553137, "junction_lat": 51.7694446, "junction_lon": -1.2620423, "warning_lat": 51.769680086795418, "warning_lon": -1.2610209414063729, "danger_score": 0.7317, "junction_type": "T-junction", "merge_type": "minor_to_major", "street_count": 3, "approach_bearing": 249.6, "road_name": "Linton Road", "road_type": "residential", "major_road_class": 8, "minor_road_class": 2 }, "geometry": { "type": "Point", "coordinates": [ -1.261020941406373, 51.769680086795418 ] } },
{ "type": "Feature", "properties": { "junction_id": 553154, "junction_lat": 51.7826029, "junction_lon": -1.2674215, "warning_lat": 51.782906908926677, "warning_lon": -1.2664523474790885, "danger_score": 0.7503, "junction_type": "T-junction", "merge_type": "minor_to_major", "street_count": 3, "approach_bearing": 243.1, "road_name": "Hernes Road", "road_type": "residential", "major_road_class": 8, "minor_road_class": 2 }, "geometry": { "type": "Point", "coordinates": [ -1.266452347479089, 51.782906908926677 ] } },
{ "type": "Feature", "properties": { "junction_id": 553168, "junction_lat": 51.7817349, "junction_lon": -1.2668366, "warning_lat": 51.78198717195913, "warning_lon": -1.2658254707804901, "danger_score": 0.703, "junction_type": "T-junction", "merge_type": "minor_to_major", "street_count": 3, "approach_bearing": 248.0, "road_name": "Victoria Road", "road_type": "residential", "major_road_class": 8, "minor_road_class": 2 }, "geometry": { "type": "Point", "coordinates": [ -1.26582547078049, 51.78198717195913 ] } },
{ "type": "Feature", "properties": { "junction_id": 553198, "junction_lat": 51.7792356, "junction_lon": -1.265591, "warning_lat": 51.779404005337788, "warning_lon": -1.2645353710315599, "danger_score": 0.7174, "junction_type": "T-junction", "merge_type": "minor_to_major", "street_count": 3, "approach_bearing": 255.5, "road_name": "Lonsdale Road", "road_type": "residential", "major_road_class": 8, "minor_road_class": 2 }, "geometry": { "type": "Point", "coordinates": [ -1.26453537103156, 51.779404005337788 ] } },
{ "type": "Feature", "properties": { "junction_id": 553199, "junction_lat": 51.7801144, "junction_lon": -1.265958, "warning_lat": 51.780278554705575, "warning_lon": -1.2649005694839464, "danger_score": 0.7009, "junction_type": "T-junction", "merge_type": "minor_to_major", "street_count": 3, "approach_bearing": 255.9, "road_name": "Portland Road", "road_type": "residential", "major_road_class": 8, "minor_road_class": 2 }, "geometry": { "type": "Point", "coordinates": [ -1.264900569483946, 51.780278554705575 ] } },
{ "type": "Feature", "properties": { "junction_id": 553206, "junction_lat": 51.780814, "junction_lon": -1.2663376, "warning_lat": 51.781064505498101, "warning_lon": -1.2653253445914971, "danger_score": 0.7131, "junction_type": "T-junction", "merge_type": "minor_to_major", "street_count": 3, "approach_bearing": 248.2, "road_name": "Hamilton Road", "road_type": "residential", "major_road_class": 8, "minor_road_class": 2 }, "geometry": { "type": "Point", "coordinates": [ -1.265325344591497, 51.781064505498101 ] } },
{ "type": "Feature", "properties": { "junction_id": 553286, "junction_lat": 51.7868562, "junction_lon": -1.270094, "warning_lat": 51.786958517602237, "warning_lon": -1.2690163486113284, "danger_score": 0.7231, "junction_type": "T-junction", "merge_type": "minor_to_major", "street_count": 3, "approach_bearing": 261.3, "road_name": "Carlton Road", "road_type": "residential", "major_road_class": 8, "minor_road_class": 2 }, "geometry": { "type": "Point", "coordinates": [ -1.269016348611328, 51.786958517602237 ] } },
{ "type": "Feature", "properties": { "junction_id": 553306, "junction_lat": 51.7881015, "junction_lon": -1.2655634, "warning_lat": 51.7878958, "warning_lon": -1.265272, "danger_score": 0.8432, "junction_type": "T-junction", "merge_type": "minor_to_major", "street_count": 3, "approach_bearing": 318.8, "road_name": "Jackson Road", "road_type": "residential", "major_road_class": 9, "minor_road_class": 2 }, "geometry": { "type": "Point", "coordinates": [ -1.265272, 51.7878958 ] } },
{ "type": "Feature", "properties": { "junction_id": 603340, "junction_lat": 51.7482743, "junction_lon": -1.2426325, "warning_lat": 51.748710699642523, "warning_lon": -1.2418194817587032, "danger_score": 0.754, "junction_type": "T-junction", "merge_type": "minor_to_major", "street_count": 3, "approach_bearing": 229.1, "road_name": "Circus Street", "road_type": "residential", "major_road_class": 8, "minor_road_class": 2 }, "geometry": { "type": "Point", "coordinates": [ -1.241819481758703, 51.748710699642523 ] } },
{ "type": "Feature", "properties": { "junction_id": 603341, "junction_lat": 51.7490806, "junction_lon": -1.241483, "warning_lat": 51.749736577077577, "warning_lon": -1.2415390751288602, "danger_score": 0.576, "junction_type": "T-junction", "merge_type": "minor_to_major", "street_count": 3, "approach_bearing": 177.0, "road_name": "Tyndale Road", "road_type": "residential", "major_road_class": 6, "minor_road_class": 2 }, "geometry": { "type": "Point", "coordinates": [ -1.24153907512886, 51.749736577077577 ] } },
{ "type": "Feature", "properties": { "junction_id": 603344, "junction_lat": 51.7488657, "junction_lon": -1.240489, "warning_lat": 51.7487804, "warning_lon": -1.2405454, "danger_score": 0.4785, "junction_type": "T-junction", "merge_type": "minor_to_major", "street_count": 3, "approach_bearing": 22.3, "road_name": "Temple Street", "road_type": "residential", "major_road_class": 6, "minor_road_class": 2 }, "geometry": { "type": "Point", "coordinates": [ -1.2405454, 51.7487804 ] } },
{ "type": "Feature", "properties": { "junction_id": 603723, "junction_lat": 51.7467246, "junction_lon": -1.2336544, "warning_lat": 51.746168208740663, "warning_lon": -1.2342702027366184, "danger_score": 0.4753, "junction_type": "T-junction", "merge_type": "minor_to_major", "street_count": 3, "approach_bearing": 34.4, "road_name": "Leon Close", "road_type": "residential", "major_road_class": 6, "minor_road_class": 2 }, "geometry": { "type": "Point", "coordinates": [ -1.234270202736618, 51.746168208740663 ] } },
{ "type": "Feature", "properties": { "junction_id": 603724, "junction_lat": 51.7465091, "junction_lon": -1.2331286, "warning_lat": 51.745951860472694, "warning_lon": -1.2337422446366779, "danger_score": 0.4693, "junction_type": "T-junction", "merge_type": "minor_to_major", "street_count": 3, "approach_bearing": 34.3, "road_name": "Randolph Street", "road_type": "residential", "major_road_class": 6, "minor_road_class": 2 }, "geometry": { "type": "Point", "coordinates": [ -1.233742244636678, 51.745951860472694 ] } },
{ "type": "Feature", "properties": { "junction_id": 603732, "junction_lat": 51.7458167, "junction_lon": -1.2315645, "warning_lat": 51.745380081446633, "warning_lon": -1.2323885494226081, "danger_score": 0.5107, "junction_type": "T-junction", "merge_type": "minor_to_major", "street_count": 3, "approach_bearing": 49.4, "road_name": "Leopold Street", "road_type": "residential", "major_road_class": 6, "minor_road_class": 2 }, "geometry": { "type": "Point", "coordinates": [ -1.232388549422608, 51.745380081446633 ] } },
{ "type": "Feature", "properties": { "junction_id": 604084, "junction_lat": 51.7449597, "junction_lon": -1.2296398, "warning_lat": 51.744540564744398, "warning_lon": -1.2304926672057928, "danger_score": 0.4985, "junction_type": "T-junction", "merge_type": "minor_to_major", "street_count": 3, "approach_bearing": 51.6, "road_name": "Magdalen Road", "road_type": [ "residential", "unclassified" ], "major_road_class": 6, "minor_road_class": 2 }, "geometry": { "type": "Point", "coordinates": [ -1.230492667205793, 51.744540564744398 ] } },
{ "type": "Feature", "properties": { "junction_id": 604138, "junction_lat": 51.7419819, "junction_lon": -1.2379141, "warning_lat": 51.742400729780684, "warning_lon": -1.2370602711766034, "danger_score": 0.7642, "junction_type": "T-junction", "merge_type": "minor_to_major", "street_count": 3, "approach_bearing": 231.6, "road_name": "Stanley Road", "road_type": "residential", "major_road_class": 8, "minor_road_class": 2 }, "geometry": { "type": "Point", "coordinates": [ -1.237060271176603, 51.742400729780684 ] } },
{ "type": "Feature", "properties": { "junction_id": 604143, "junction_lat": 51.7412718, "junction_lon": -1.2371376, "warning_lat": 51.74169157842401, "warning_lon": -1.2362850947985553, "danger_score": 0.7148, "junction_type": "T-junction", "merge_type": "minor_to_major", "street_count": 3, "approach_bearing": 231.5, "road_name": "Magdalen Road", "road_type": "residential", "major_road_class": 8, "minor_road_class": 2 }, "geometry": { "type": "Point", "coordinates": [ -1.236285094798555, 51.74169157842401 ] } },
{ "type": "Feature", "properties": { "junction_id": 604964, "junction_lat": 51.7374665, "junction_lon": -1.2364388, "warning_lat": 51.736851746460026, "warning_lon": -1.2359906620102945, "danger_score": 0.4846, "junction_type": "T-junction", "merge_type": "minor_to_major", "street_count": 3, "approach_bearing": 335.7, "road_name": "Townsend Square", "road_type": "residential", "major_road_class": 6, "minor_road_class": 2 }, "geometry": { "type": "Point", "coordinates": [ -1.235990662010295, 51.736851746460026 ] } },
{ "type": "Feature", "properties": { "junction_id": 604988, "junction_lat": 51.7367174, "junction_lon": -1.2335734, "warning_lat": 51.736425931744265, "warning_lon": -1.2345556137766476, "danger_score": 0.7091, "junction_type": "T-junction", "merge_type": "minor_to_major", "street_count": 3, "approach_bearing": 64.4, "road_name": "Freelands Road", "road_type": "residential", "major_road_class": 8, "minor_road_class": 2 }, "geometry": { "type": "Point", "coordinates": [ -1.234555613776648, 51.736425931744265 ] } },
{ "type": "Feature", "properties": { "junction_id": 604989, "junction_lat": 51.7361755, "junction_lon": -1.2332042, "warning_lat": 51.73602801676892, "warning_lon": -1.2342658833570574, "danger_score": 0.7345, "junction_type": "T-junction", "merge_type": "minor_to_major", "street_count": 3, "approach_bearing": 77.4, "road_name": "Radcliffe Road", "road_type": "residential", "major_road_class": 8, "minor_road_class": 2 }, "geometry": { "type": "Point", "coordinates": [ -1.234265883357057, 51.73602801676892 ] } },
{ "type": "Feature", "properties": { "junction_id": 618713, "junction_lat": 51.7204412, "junction_lon": -1.2251345, "warning_lat": 51.720482289087514, "warning_lon": -1.2261983683622224, "danger_score": 0.3558, "junction_type": "T-junction", "merge_type": "minor_to_major", "street_count": 3, "approach_bearing": 93.6, "road_name": "Railway Lane", "road_type": "residential", "major_road_class": 4, "minor_road_class": 2 }, "geometry": { "type": "Point", "coordinates": [ -1.226198368362222, 51.720482289087514 ] } },
{ "type": "Feature", "properties": { "junction_id": 664733, "junction_lat": 51.7754425, "junction_lon": -1.2305223, "warning_lat": 51.7753941, "warning_lon": -1.2307775, "danger_score": 0.7298, "junction_type": "T-junction", "merge_type": "minor_to_major", "street_count": 3, "approach_bearing": 73.0, "road_name": "Elsfield Road", "road_type": "unclassified", "major_road_class": 6, "minor_road_class": 3 }, "geometry": { "type": "Point", "coordinates": [ -1.2307775, 51.7753941 ] } },
{ "type": "Feature", "properties": { "junction_id": 664733, "junction_lat": 51.7754425, "junction_lon": -1.2305223, "warning_lat": 51.7755621, "warning_lon": -1.2306165, "danger_score": 0.7298, "junction_type": "T-junction", "merge_type": "minor_to_major", "street_count": 3, "approach_bearing": 154.0, "road_name": "Unnamed", "road_type": "trunk_link", "major_road_class": 6, "minor_road_class": 0 }, "geometry": { "type": "Point", "coordinates": [ -1.2306165, 51.7755621 ] } },
{ "type": "Feature", "properties": { "junction_id": 3394835, "junction_lat": 51.7321978, "junction_lon": -1.2213695, "warning_lat": 51.731529531178182, "warning_lon": -1.2212219145721599, "danger_score": 0.4802, "junction_type": "T-junction", "merge_type": "minor_to_major", "street_count": 3, "approach_bearing": 352.2, "road_name": "Church Hill Road", "road_type": "residential", "major_road_class": 6, "minor_road_class": 2 }, "geometry": { "type": "Point", "coordinates": [ -1.22122191457216, 51.731529531178182 ] } },
{ "type": "Feature", "properties": { "junction_id": 3394837, "junction_lat": 51.732222, "junction_lon": -1.2196716, "warning_lat": 51.732885030171936, "warning_lon": -1.2196996546465004, "danger_score": 0.5065, "junction_type": "T-junction", "merge_type": "minor_to_major", "street_count": 3, "approach_bearing": 178.5, "road_name": "Rymers Lane", "road_type": "residential", "major_road_class": 6, "minor_road_class": 2 }, "geometry": { "type": "Point", "coordinates": [ -1.2196996546465, 51.732885030171936 ] } },
{ "type": "Feature", "properties": { "junction_id": 3394838, "junction_lat": 51.732379, "junction_lon": -1.2286881, "warning_lat": 51.732449095343263, "warning_lon": -1.2276496216545534, "danger_score": 0.3653, "junction_type": "T-junction", "merge_type": "minor_to_major", "street_count": 3, "approach_bearing": 263.8, "road_name": "Church Cowley Road", "road_type": "secondary", "major_road_class": 8, "minor_road_class": 6 }, "geometry": { "type": "Point", "coordinates": [ -1.227649621654553, 51.732449095343263 ] } },
{ "type": "Feature", "properties": { "junction_id": 3394847, "junction_lat": 51.7320884, "junction_lon": -1.2070395, "warning_lat": 51.731440160220998, "warning_lon": -1.2073079140418534, "danger_score": 0.4025, "junction_type": "T-junction", "merge_type": "minor_to_major", "street_count": 3, "approach_bearing": 14.4, "road_name": "John Smith Drive", "road_type": "unclassified", "major_road_class": 6, "minor_road_class": 3 }, "geometry": { "type": "Point", "coordinates": [ -1.207307914041853, 51.731440160220998 ] } },
{ "type": "Feature", "properties": { "junction_id": 6524455, "junction_lat": 51.7882496, "junction_lon": -1.2716121, "warning_lat": 51.788378794265057, "warning_lon": -1.2725515396630258, "danger_score": 0.9894, "junction_type": "T-junction", "merge_type": "minor_to_major", "street_count": 3, "approach_bearing": 102.5, "road_name": "Sunderland Avenue", "road_type": "residential", "major_road_class": 9, "minor_road_class": 2 }, "geometry": { "type": "Point", "coordinates": [ -1.272551539663026, 51.788378794265057 ] } },
{ "type": "Feature", "properties": { "junction_id": 6524665, "junction_lat": 51.7895012, "junction_lon": -1.2709183, "warning_lat": 51.7895886, "warning_lon": -1.2701692, "danger_score": 0.7111, "junction_type": "T-junction", "merge_type": "minor_to_major", "street_count": 3, "approach_bearing": 259.3, "road_name": "Harefields", "road_type": "residential", "major_road_class": 8, "minor_road_class": 2 }, "geometry": { "type": "Point", "coordinates": [ -1.2701692, 51.7895886 ] } },
{ "type": "Feature", "properties": { "junction_id": 6524762, "junction_lat": 51.790998, "junction_lon": -1.2716879, "warning_lat": 51.791197149093207, "warning_lon": -1.2706462539265224, "danger_score": 0.7059, "junction_type": "T-junction", "merge_type": "minor_to_major", "street_count": 3, "approach_bearing": 252.8, "road_name": "Harbord Road", "road_type": "residential", "major_road_class": 8, "minor_road_class": 2 }, "geometry": { "type": "Point", "coordinates": [ -1.270646253926522, 51.791197149093207 ] } },
{ "type": "Feature", "properties": { "junction_id": 6524821, "junction_lat": 51.7930968, "junction_lon": -1.2716242, "warning_lat": 51.7929867, "warning_lon": -1.2710216, "danger_score": 0.7, "junction_type": "T-junction", "merge_type": "minor_to_major", "street_count": 3, "approach_bearing": 286.5, "road_name": "Haslemere Gardens", "road_type": "residential", "major_road_class": 8, "minor_road_class": 2 }, "geometry": { "type": "Point", "coordinates": [ -1.2710216, 51.7929867 ] } },
{ "type": "Feature", "properties": { "junction_id": 7978406, "junction_lat": 51.7656234, "junction_lon": -1.2283528, "warning_lat": 51.766009878151714, "warning_lon": -1.2274649328089835, "danger_score": 0.5174, "junction_type": "T-junction", "merge_type": "minor_to_major", "street_count": 3, "approach_bearing": 234.9, "road_name": "Bowness Avenue", "road_type": "residential", "major_road_class": 6, "minor_road_class": 2 }, "geometry": { "type": "Point", "coordinates": [ -1.227464932808983, 51.766009878151714 ] } },
{ "type": "Feature", "properties": { "junction_id": 7978412, "junction_lat": 51.7612818, "junction_lon": -1.2234058, "warning_lat": 51.760869616226465, "warning_lon": -1.2241959131957147, "danger_score": 0.5524, "junction_type": "Crossroads", "merge_type": "minor_to_major", "street_count": 4, "approach_bearing": 49.9, "road_name": "Franklin Road", "road_type": "residential", "major_road_class": 6, "minor_road_class": 2 }, "geometry": { "type": "Point", "coordinates": [ -1.224195913195715, 51.760869616226465 ] } },
{ "type": "Feature", "properties": { "junction_id": 7978412, "junction_lat": 51.7612818, "junction_lon": -1.2234058, "warning_lat": 51.7615016, "warning_lon": -1.2227661, "danger_score": 0.5524, "junction_type": "Crossroads", "merge_type": "minor_to_major", "street_count": 4, "approach_bearing": 241.0, "road_name": "Fortnam Close", "road_type": "residential", "major_road_class": 6, "minor_road_class": 2 }, "geometry": { "type": "Point", "coordinates": [ -1.2227661, 51.7615016 ] } },
{ "type": "Feature", "properties": { "junction_id": 7978413, "junction_lat": 51.7592325, "junction_lon": -1.2215808, "warning_lat": 51.759560542611375, "warning_lon": -1.2206318208317739, "danger_score": 0.6817, "junction_type": "Crossroads", "merge_type": "minor_to_major", "street_count": 4, "approach_bearing": 240.8, "road_name": "Woodlands Road", "road_type": "residential", "major_road_class": 6, "minor_road_class": 2 }, "geometry": { "type": "Point", "coordinates": [ -1.220631820831774, 51.759560542611375 ] } },
{ "type": "Feature", "properties": { "junction_id": 7978413, "junction_lat": 51.7592325, "junction_lon": -1.2215808, "warning_lat": 51.758875012091067, "warning_lon": -1.2225039089716803, "danger_score": 0.6817, "junction_type": "Crossroads", "merge_type": "minor_to_major", "street_count": 4, "approach_bearing": 58.0, "road_name": [ "Woodlands Road", "Franklin Road" ], "road_type": "residential", "major_road_class": 6, "minor_road_class": 2 }, "geometry": { "type": "Point", "coordinates": [ -1.22250390897168, 51.758875012091067 ] } },
{ "type": "Feature", "properties": { "junction_id": 9910891, "junction_lat": 51.74161, "junction_lon": -1.1969033, "warning_lat": 51.7410643, "warning_lon": -1.1964203, "danger_score": 0.5986, "junction_type": "T-junction", "merge_type": "minor_to_major", "street_count": 3, "approach_bearing": 331.3, "road_name": "Unnamed", "road_type": "tertiary_link", "major_road_class": 4, "minor_road_class": 0 }, "geometry": { "type": "Point", "coordinates": [ -1.1964203, 51.7410643 ] } },
{ "type": "Feature", "properties": { "junction_id": 10386382, "junction_lat": 51.7585878, "junction_lon": -1.2098286, "warning_lat": 51.758858582435771, "warning_lon": -1.208830709249971, "danger_score": 0.4696, "junction_type": "T-junction", "merge_type": "minor_to_major", "street_count": 3, "approach_bearing": 246.3, "road_name": "St Leonard's Road", "road_type": "residential", "major_road_class": 6, "minor_road_class": 2 }, "geometry": { "type": "Point", "coordinates": [ -1.208830709249971, 51.758858582435771 ] } },
{ "type": "Feature", "properties": { "junction_id": 10386384, "junction_lat": 51.7323125, "junction_lon": -1.206564, "warning_lat": 51.732939503070142, "warning_lon": -1.2061742164716251, "danger_score": 0.35, "junction_type": "T-junction", "merge_type": "minor_to_major", "street_count": 3, "approach_bearing": 201.1, "road_name": "Unnamed", "road_type": "unclassified", "major_road_class": 6, "minor_road_class": 3 }, "geometry": { "type": "Point", "coordinates": [ -1.206174216471625, 51.732939503070142 ] } },
{ "type": "Feature", "properties": { "junction_id": 10864856, "junction_lat": 51.788246, "junction_lon": -1.280213, "warning_lat": 51.7884775, "warning_lon": -1.2802605, "danger_score": 0.8163, "junction_type": "T-junction", "merge_type": "minor_to_major", "street_count": 3, "approach_bearing": 172.8, "road_name": "Five Mile Drive", "road_type": "residential", "major_road_class": 9, "minor_road_class": 2 }, "geometry": { "type": "Point", "coordinates": [ -1.2802605, 51.7884775 ] } },
{ "type": "Feature", "properties": { "junction_id": 13346792, "junction_lat": 51.7711306, "junction_lon": -1.219056, "warning_lat": 51.7711265, "warning_lon": -1.2188325, "danger_score": 0.7787, "junction_type": "T-junction", "merge_type": "minor_to_major", "street_count": 3, "approach_bearing": 271.7, "road_name": "Unnamed", "road_type": "tertiary", "major_road_class": 9, "minor_road_class": 4 }, "geometry": { "type": "Point", "coordinates": [ -1.2188325, 51.7711265 ] } },
{ "type": "Feature", "properties": { "junction_id": 13347105, "junction_lat": 51.7763278, "junction_lon": -1.2284516, "warning_lat": 51.776456036514332, "warning_lon": -1.2294914829531811, "danger_score": 0.726, "junction_type": "T-junction", "merge_type": "minor_to_major", "street_count": 3, "approach_bearing": 101.3, "road_name": "Unnamed", "road_type": "trunk_link", "major_road_class": 6, "minor_road_class": 0 }, "geometry": { "type": "Point", "coordinates": [ -1.229491482953181, 51.776456036514332 ] } },
{ "type": "Feature", "properties": { "junction_id": 13347114, "junction_lat": 51.7757061, "junction_lon": -1.229465, "warning_lat": 51.77619717391687, "warning_lon": -1.230183277860172, "danger_score": 0.8517, "junction_type": "T-junction", "merge_type": "minor_to_major", "street_count": 3, "approach_bearing": 137.9, "road_name": "Unnamed", "road_type": "trunk_link", "major_road_class": 9, "minor_road_class": 0 }, "geometry": { "type": "Point", "coordinates": [ -1.230183277860172, 51.77619717391687 ] } },
{ "type": "Feature", "properties": { "junction_id": 13893783, "junction_lat": 51.7415402, "junction_lon": -1.196315, "warning_lat": 51.74161, "warning_lon": -1.1969033, "danger_score": 0.61, "junction_type": "Crossroads", "merge_type": "minor_to_major", "street_count": 4, "approach_bearing": 100.8, "road_name": "Unnamed", "road_type": "tertiary", "major_road_class": 9, "minor_road_class": 4 }, "geometry": { "type": "Point", "coordinates": [ -1.1969033, 51.74161 ] } },
{ "type": "Feature", "properties": { "junction_id": 13893783, "junction_lat": 51.7415402, "junction_lon": -1.196315, "warning_lat": 51.7415158, "warning_lon": -1.1960622, "danger_score": 0.61, "junction_type": "Crossroads", "merge_type": "minor_to_major", "street_count": 4, "approach_bearing": 278.9, "road_name": "Unnamed", "road_type": "tertiary", "major_road_class": 9, "minor_road_class": 4 }, "geometry": { "type": "Point", "coordinates": [ -1.1960622, 51.7415158 ] } },
{ "type": "Feature", "properties": { "junction_id": 14182218, "junction_lat": 51.7591638, "junction_lon": -1.1946305, "warning_lat": 51.7592748, "warning_lon": -1.1938679, "danger_score": 0.7474, "junction_type": "Crossroads", "merge_type": "minor_to_major", "street_count": 4, "approach_bearing": 256.8, "road_name": "Unnamed", "road_type": "unclassified", "major_road_class": 9, "minor_road_class": 3 }, "geometry": { "type": "Point", "coordinates": [ -1.1938679, 51.7592748 ] } },
{ "type": "Feature", "properties": { "junction_id": 14182218, "junction_lat": 51.7591638, "junction_lon": -1.1946305, "warning_lat": 51.7591299, "warning_lon": -1.1949034, "danger_score": 0.7474, "junction_type": "Crossroads", "merge_type": "minor_to_major", "street_count": 4, "approach_bearing": 78.7, "road_name": "Unnamed", "road_type": "unclassified", "major_road_class": 9, "minor_road_class": 3 }, "geometry": { "type": "Point", "coordinates": [ -1.1949034, 51.7591299 ] } },
{ "type": "Feature", "properties": { "junction_id": 14186979, "junction_lat": 51.7711092, "junction_lon": -1.2369602, "warning_lat": 51.771623573926469, "warning_lon": -1.2363084036253387, "danger_score": 0.4694, "junction_type": "T-junction", "merge_type": "minor_to_major", "street_count": 3, "approach_bearing": 218.1, "road_name": "Oxford Road", "road_type": "residential", "major_road_class": 6, "minor_road_class": 2 }, "geometry": { "type": "Point", "coordinates": [ -1.236308403625339, 51.771623573926469 ] } },
{ "type": "Feature", "properties": { "junction_id": 14308298, "junction_lat": 51.7552676, "junction_lon": -1.2275787, "warning_lat": 51.75592773822958, "warning_lon": -1.2277876283663816, "danger_score": 0.7957, "junction_type": "T-junction", "merge_type": "minor_to_major", "street_count": 3, "approach_bearing": 168.9, "road_name": "Pullens Lane", "road_type": "residential", "major_road_class": 8, "minor_road_class": 2 }, "geometry": { "type": "Point", "coordinates": [ -1.227787628366382, 51.75592773822958 ] } },
{ "type": "Feature", "properties": { "junction_id": 14308325, "junction_lat": 51.7582689, "junction_lon": -1.2170736, "warning_lat": 51.758871882416067, "warning_lon": -1.2175615868413578, "danger_score": 0.703, "junction_type": "T-junction", "merge_type": "minor_to_major", "street_count": 3, "approach_bearing": 153.4, "road_name": "Sandfield Road", "road_type": "residential", "major_road_class": 8, "minor_road_class": 2 }, "geometry": { "type": "Point", "coordinates": [ -1.217561586841358, 51.758871882416067 ] } },
{ "type": "Feature", "properties": { "junction_id": 14308326, "junction_lat": 51.7583915, "junction_lon": -1.2166956, "warning_lat": 51.7577963, "warning_lon": -1.2162108, "danger_score": 0.703, "junction_type": "T-junction", "merge_type": "minor_to_major", "street_count": 3, "approach_bearing": 333.2, "road_name": "Latimer Road", "road_type": "residential", "major_road_class": 8, "minor_road_class": 2 }, "geometry": { "type": "Point", "coordinates": [ -1.2162108, 51.7577963 ] } },
{ "type": "Feature", "properties": { "junction_id": 14310072, "junction_lat": 51.758988, "junction_lon": -1.2148863, "warning_lat": 51.7592872, "warning_lon": -1.2152, "danger_score": 0.7165, "junction_type": "T-junction", "merge_type": "minor_to_major", "street_count": 3, "approach_bearing": 147.0, "road_name": "Horwood Close", "road_type": "residential", "major_road_class": 8, "minor_road_class": 2 }, "geometry": { "type": "Point", "coordinates": [ -1.2152, 51.7592872 ] } },
{ "type": "Feature", "properties": { "junction_id": 14869305, "junction_lat": 51.7390484, "junction_lon": -1.2351524, "warning_lat": 51.739438051518384, "warning_lon": -1.2342635945582217, "danger_score": 0.7434, "junction_type": "T-junction", "merge_type": "minor_to_major", "street_count": 3, "approach_bearing": 234.7, "road_name": "Howard Street", "road_type": "residential", "major_road_class": 8, "minor_road_class": 2 }, "geometry": { "type": "Point", "coordinates": [ -1.234263594558222, 51.739438051518384 ] } },
{ "type": "Feature", "properties": { "junction_id": 14869475, "junction_lat": 51.7310078, "junction_lon": -1.2142201, "warning_lat": 51.73132735959782, "warning_lon": -1.2148620832106218, "danger_score": 0.4083, "junction_type": "T-junction", "merge_type": "minor_to_major", "street_count": 3, "approach_bearing": 128.8, "road_name": "Hockmore Street", "road_type": "residential", "major_road_class": 4, "minor_road_class": 2 }, "geometry": { "type": "Point", "coordinates": [ -1.214862083210622, 51.73132735959782 ] } },
{ "type": "Feature", "properties": { "junction_id": 14869485, "junction_lat": 51.7261002, "junction_lon": -1.2098611, "warning_lat": 51.726313329838675, "warning_lon": -1.2088646546833326, "danger_score": 0.3592, "junction_type": "T-junction", "merge_type": "minor_to_major", "street_count": 3, "approach_bearing": 251.0, "road_name": "Kersington Crescent", "road_type": "residential", "major_road_class": 4, "minor_road_class": 2 }, "geometry": { "type": "Point", "coordinates": [ -1.208864654683333, 51.726313329838675 ] } },
{ "type": "Feature", "properties": { "junction_id": 14869615, "junction_lat": 51.7328901, "junction_lon": -1.2080105, "warning_lat": 51.732285014933353, "warning_lon": -1.2084863465698403, "danger_score": 0.5198, "junction_type": "T-junction", "merge_type": "minor_to_major", "street_count": 3, "approach_bearing": 26.0, "road_name": "Phipps Road", "road_type": "residential", "major_road_class": 6, "minor_road_class": 2 }, "geometry": { "type": "Point", "coordinates": [ -1.20848634656984, 51.732285014933353 ] } },
{ "type": "Feature", "properties": { "junction_id": 14870278, "junction_lat": 51.7379172, "junction_lon": -1.2343843, "warning_lat": 51.7382201, "warning_lon": -1.2334944, "danger_score": 0.7147, "junction_type": "T-junction", "merge_type": "minor_to_major", "street_count": 3, "approach_bearing": 241.2, "road_name": "Boundary Brook Road", "road_type": "residential", "major_road_class": 8, "minor_road_class": 2 }, "geometry": { "type": "Point", "coordinates": [ -1.2334944, 51.7382201 ] } },
{ "type": "Feature", "properties": { "junction_id": 15182534, "junction_lat": 51.7373739, "junction_lon": -1.19767, "warning_lat": 51.7372876, "warning_lon": -1.1975844, "danger_score": 0.7319, "junction_type": "T-junction", "merge_type": "minor_to_major", "street_count": 3, "approach_bearing": 328.4, "road_name": "Horspath Road", "road_type": "tertiary", "major_road_class": 9, "minor_road_class": 4 }, "geometry": { "type": "Point", "coordinates": [ -1.1975844, 51.7372876 ] } },
{ "type": "Feature", "properties": { "junction_id": 15183711, "junction_lat": 51.7473017, "junction_lon": -1.2352694, "warning_lat": 51.747906934641172, "warning_lon": -1.2347885517017934, "danger_score": 0.6226, "junction_type": "T-junction", "merge_type": "minor_to_major", "street_count": 3, "approach_bearing": 206.2, "road_name": [ "Chapel Street", "Collins Street" ], "road_type": "residential", "major_road_class": 6, "minor_road_class": 2 }, "geometry": { "type": "Point", "coordinates": [ -1.234788551701793, 51.747906934641172 ] } },
{ "type": "Feature", "properties": { "junction_id": 15183726, "junction_lat": 51.7476773, "junction_lon": -1.236534, "warning_lat": 51.7482528, "warning_lon": -1.2360411, "danger_score": 0.4685, "junction_type": "T-junction", "merge_type": "minor_to_major", "street_count": 3, "approach_bearing": 207.9, "road_name": "Union Street", "road_type": "residential", "major_road_class": 6, "minor_road_class": 2 }, "geometry": { "type": "Point", "coordinates": [ -1.2360411, 51.7482528 ] } },
{ "type": "Feature", "properties": { "junction_id": 16258559, "junction_lat": 51.7429137, "junction_lon": -1.2555676, "warning_lat": 51.74278295459716, "warning_lon": -1.2566362462744542, "danger_score": 0.7132, "junction_type": "T-junction", "merge_type": "minor_to_major", "street_count": 3, "approach_bearing": 78.8, "road_name": "Kineton Road", "road_type": "residential", "major_road_class": 8, "minor_road_class": 2 }, "geometry": { "type": "Point", "coordinates": [ -1.256636246274454, 51.74278295459716 ] } },
{ "type": "Feature", "properties": { "junction_id": 16258561, "junction_lat": 51.7437304, "junction_lon": -1.2559243, "warning_lat": 51.743556131652639, "warning_lon": -1.256976330088909, "danger_score": 0.7, "junction_type": "T-junction", "merge_type": "minor_to_major", "street_count": 3, "approach_bearing": 75.0, "road_name": "Whitehouse Road", "road_type": "residential", "major_road_class": 8, "minor_road_class": 2 }, "geometry": { "type": "Point", "coordinates": [ -1.256976330088909, 51.743556131652639 ] } },
{ "type": "Feature", "properties": { "junction_id": 16268475, "junction_lat": 51.7343582, "junction_lon": -1.248697, "warning_lat": 51.7337221, "warning_lon": -1.2484696, "danger_score": 0.4729, "junction_type": "T-junction", "merge_type": "minor_to_major", "street_count": 3, "approach_bearing": 347.5, "road_name": "Peel Place", "road_type": "residential", "major_road_class": 6, "minor_road_class": 2 }, "geometry": { "type": "Point", "coordinates": [ -1.2484696, 51.7337221 ] } },
{ "type": "Feature", "properties": { "junction_id": 16268488, "junction_lat": 51.7323357, "junction_lon": -1.2490296, "warning_lat": 51.7318112, "warning_lon": -1.2493296, "danger_score": 0.7729, "junction_type": "T-junction", "merge_type": "minor_to_major", "street_count": 3, "approach_bearing": 19.5, "road_name": "Abingdon Road", "road_type": "unclassified", "major_road_class": 8, "minor_road_class": 3 }, "geometry": { "type": "Point", "coordinates": [ -1.2493296, 51.7318112 ] } },
{ "type": "Feature", "properties": { "junction_id": 16558899, "junction_lat": 51.747081, "junction_lon": -1.2575888, "warning_lat": 51.7466383, "warning_lon": -1.2574218, "danger_score": 0.7428, "junction_type": "T-junction", "merge_type": "minor_to_major", "street_count": 3, "approach_bearing": 346.9, "road_name": "Shirelake Close", "road_type": "residential", "major_road_class": 8, "minor_road_class": 2 }, "geometry": { "type": "Point", "coordinates": [ -1.2574218, 51.7466383 ] } },
{ "type": "Feature", "properties": { "junction_id": 16577524, "junction_lat": 51.7355142, "junction_lon": -1.2158894, "warning_lat": 51.734970412365563, "warning_lon": -1.2165337436047703, "danger_score": 0.4683, "junction_type": "T-junction", "merge_type": "minor_to_major", "street_count": 3, "approach_bearing": 36.3, "road_name": "Havelock Road", "road_type": "residential", "major_road_class": 6, "minor_road_class": 2 }, "geometry": { "type": "Point", "coordinates": [ -1.21653374360477, 51.734970412365563 ] } },
{ "type": "Feature", "properties": { "junction_id": 16577529, "junction_lat": 51.7366764, "junction_lon": -1.2175441, "warning_lat": 51.736182252336981, "warning_lon": -1.2182852111951745, "danger_score": 0.4903, "junction_type": "T-junction", "merge_type": "minor_to_major", "street_count": 3, "approach_bearing": 42.9, "road_name": "Edmund Road", "road_type": "residential", "major_road_class": 6, "minor_road_class": 2 }, "geometry": { "type": "Point", "coordinates": [ -1.218285211195175, 51.736182252336981 ] } },
{ "type": "Feature", "properties": { "junction_id": 16577530, "junction_lat": 51.7371832, "junction_lon": -1.218318, "warning_lat": 51.736684469383484, "warning_lon": -1.2190512718422764, "danger_score": 0.4802, "junction_type": "T-junction", "merge_type": "minor_to_major", "street_count": 3, "approach_bearing": 42.3, "road_name": "Littlehay Road", "road_type": "residential", "major_road_class": 6, "minor_road_class": 2 }, "geometry": { "type": "Point", "coordinates": [ -1.219051271842276, 51.736684469383484 ] } },
{ "type": "Feature", "properties": { "junction_id": 16577533, "junction_lat": 51.738258, "junction_lon": -1.2199329, "warning_lat": 51.738444142825585, "warning_lon": -1.2188953634604274, "danger_score": 0.5879, "junction_type": "T-junction", "merge_type": "minor_to_major", "street_count": 3, "approach_bearing": 253.8, "road_name": [ "Temple Road", "Marsh Road" ], "road_type": "residential", "major_road_class": 6, "minor_road_class": 2 }, "geometry": { "type": "Point", "coordinates": [ -1.218895363460427, 51.738444142825585 ] } },
{ "type": "Feature", "properties": { "junction_id": 16577534, "junction_lat": 51.7438925, "junction_lon": -1.2284156, "warning_lat": 51.744328485403244, "warning_lon": -1.2275845612322778, "danger_score": 0.483, "junction_type": "T-junction", "merge_type": "minor_to_major", "street_count": 3, "approach_bearing": 229.7, "road_name": [ "Bartlemas Close", "Southfield Park" ], "road_type": "residential", "major_road_class": 6, "minor_road_class": 2 }, "geometry": { "type": "Point", "coordinates": [ -1.227584561232278, 51.744328485403244 ] } },
{ "type": "Feature", "properties": { "junction_id": 16577549, "junction_lat": 51.741966, "junction_lon": -1.2258072, "warning_lat": 51.742412321187693, "warning_lon": -1.2249905460583059, "danger_score": 0.4808, "junction_type": "T-junction", "merge_type": "minor_to_major", "street_count": 3, "approach_bearing": 228.6, "road_name": "Cumberland Road", "road_type": "residential", "major_road_class": 6, "minor_road_class": 2 }, "geometry": { "type": "Point", "coordinates": [ -1.224990546058306, 51.742412321187693 ] } },
{ "type": "Feature", "properties": { "junction_id": 16577684, "junction_lat": 51.7349176, "junction_lon": -1.2323549, "warning_lat": 51.734971435765317, "warning_lon": -1.2312771775769551, "danger_score": 0.8175, "junction_type": "T-junction", "merge_type": "minor_to_major", "street_count": 3, "approach_bearing": 265.4, "road_name": "Cornwallis Road", "road_type": "residential", "major_road_class": 8, "minor_road_class": 2 }, "geometry": { "type": "Point", "coordinates": [ -1.231277177576955, 51.734971435765317 ] } },
{ "type": "Feature", "properties": { "junction_id": 16577941, "junction_lat": 51.7323575, "junction_lon": -1.2255476, "warning_lat": 51.733030022597283, "warning_lon": -1.2254644541352528, "danger_score": 0.5621, "junction_type": "Crossroads", "merge_type": "minor_to_major", "street_count": 4, "approach_bearing": 184.4, "road_name": "Florence Park Road", "road_type": "residential", "major_road_class": 6, "minor_road_class": 2 }, "geometry": { "type": "Point", "coordinates": [ -1.225464454135253, 51.733030022597283 ] } },
{ "type": "Feature", "properties": { "junction_id": 16577941, "junction_lat": 51.7323575, "junction_lon": -1.2255476, "warning_lat": 51.731730677754648, "warning_lon": -1.2256762735967992, "danger_score": 0.5621, "junction_type": "Crossroads", "merge_type": "minor_to_major", "street_count": 4, "approach_bearing": 7.2, "road_name": "Eleanor Close", "road_type": "residential", "major_road_class": 6, "minor_road_class": 2 }, "geometry": { "type": "Point", "coordinates": [ -1.225676273596799, 51.731730677754648 ] } },
{ "type": "Feature", "properties": { "junction_id": 16639916, "junction_lat": 51.7406637, "junction_lon": -1.2240211, "warning_lat": 51.7407369, "warning_lon": -1.2233521, "danger_score": 0.5903, "junction_type": "T-junction", "merge_type": "minor_to_major", "street_count": 3, "approach_bearing": 260.0, "road_name": "Reliance Way", "road_type": "residential", "major_road_class": 6, "minor_road_class": 2 }, "geometry": { "type": "Point", "coordinates": [ -1.2233521, 51.7407369 ] } },
{ "type": "Feature", "properties": { "junction_id": 16639944, "junction_lat": 51.7398932, "junction_lon": -1.2224923, "warning_lat": 51.740456245757372, "warning_lon": -1.2219780118547166, "danger_score": 0.4754, "junction_type": "T-junction", "merge_type": "minor_to_major", "street_count": 3, "approach_bearing": 209.5, "road_name": "Saunders Road", "road_type": [ "residential", "living_street" ], "major_road_class": 6, "minor_road_class": 2 }, "geometry": { "type": "Point", "coordinates": [ -1.221978011854717, 51.740456245757372 ] } },
{ "type": "Feature", "properties": { "junction_id": 16640013, "junction_lat": 51.7372814, "junction_lon": -1.207818, "warning_lat": 51.737626827596777, "warning_lon": -1.2087535008572019, "danger_score": 0.4848, "junction_type": "T-junction", "merge_type": "minor_to_major", "street_count": 3, "approach_bearing": 120.8, "road_name": "Crescent Road", "road_type": "residential", "major_road_class": 6, "minor_road_class": 2 }, "geometry": { "type": "Point", "coordinates": [ -1.208753500857202, 51.737626827596777 ] } },
{ "type": "Feature", "properties": { "junction_id": 16640015, "junction_lat": 51.7357514, "junction_lon": -1.2089862, "warning_lat": 51.736084700523264, "warning_lon": -1.2099325083697934, "danger_score": 0.4835, "junction_type": "T-junction", "merge_type": "minor_to_major", "street_count": 3, "approach_bearing": 119.6, "road_name": "Salegate Lane", "road_type": "residential", "major_road_class": 6, "minor_road_class": 2 }, "geometry": { "type": "Point", "coordinates": [ -1.209932508369793, 51.736084700523264 ] } },
{ "type": "Feature", "properties": { "junction_id": 16640016, "junction_lat": 51.7330313, "junction_lon": -1.2132843, "warning_lat": 51.732600284784588, "warning_lon": -1.212446774628912, "danger_score": 0.5529, "junction_type": "Crossroads", "merge_type": "minor_to_major", "street_count": 4, "approach_bearing": 309.7, "road_name": "St Luke's Road", "road_type": "residential", "major_road_class": 6, "minor_road_class": 2 }, "geometry": { "type": "Point", "coordinates": [ -1.212446774628912, 51.732600284784588 ] } },
{ "type": "Feature", "properties": { "junction_id": 16640016, "junction_lat": 51.7330313, "junction_lon": -1.2132843, "warning_lat": 51.7330707, "warning_lon": -1.2133711, "danger_score": 0.5529, "junction_type": "Crossroads", "merge_type": "minor_to_major", "street_count": 4, "approach_bearing": 126.2, "road_name": "St Luke's Road", "road_type": "residential", "major_road_class": 6, "minor_road_class": 2 }, "geometry": { "type": "Point", "coordinates": [ -1.2133711, 51.7330707 ] } },
{ "type": "Feature", "properties": { "junction_id": 16640025, "junction_lat": 51.7336211, "junction_lon": -1.2096302, "warning_lat": 51.733017438559664, "warning_lon": -1.2101069736732963, "danger_score": 0.4867, "junction_type": "T-junction", "merge_type": "minor_to_major", "street_count": 3, "approach_bearing": 26.1, "road_name": "St Luke's Road", "road_type": "residential", "major_road_class": 6, "minor_road_class": 2 }, "geometry": { "type": "Point", "coordinates": [ -1.210106973673296, 51.733017438559664 ] } },
{ "type": "Feature", "properties": { "junction_id": 16640029, "junction_lat": 51.7332659, "junction_lon": -1.2087919, "warning_lat": 51.732676795186244, "warning_lon": -1.209322216257753, "danger_score": 0.4954, "junction_type": "T-junction", "merge_type": "minor_to_major", "street_count": 3, "approach_bearing": 29.1, "road_name": "Napier Road", "road_type": "residential", "major_road_class": 6, "minor_road_class": 2 }, "geometry": { "type": "Point", "coordinates": [ -1.209322216257753, 51.732676795186244 ] } },
{ "type": "Feature", "properties": { "junction_id": 16640199, "junction_lat": 51.7501662, "junction_lon": -1.2425839, "warning_lat": 51.7495374, "warning_lon": -1.2428442, "danger_score": 0.7226, "junction_type": "T-junction", "merge_type": "minor_to_major", "street_count": 3, "approach_bearing": 14.4, "road_name": "Dawson Street", "road_type": "residential", "major_road_class": 8, "minor_road_class": 2 }, "geometry": { "type": "Point", "coordinates": [ -1.2428442, 51.7495374 ] } },
{ "type": "Feature", "properties": { "junction_id": 16641379, "junction_lat": 51.7427463, "junction_lon": -1.2267555, "warning_lat": 51.742341439494389, "warning_lon": -1.227626735613212, "danger_score": 0.4667, "junction_type": "T-junction", "merge_type": "minor_to_major", "street_count": 3, "approach_bearing": 53.1, "road_name": "Howard Street", "road_type": "residential", "major_road_class": 6, "minor_road_class": 2 }, "geometry": { "type": "Point", "coordinates": [ -1.227626735613212, 51.742341439494389 ] } },
{ "type": "Feature", "properties": { "junction_id": 18302371, "junction_lat": 51.7523318, "junction_lon": -1.2219835, "warning_lat": 51.75247235220813, "warning_lon": -1.2229613392321463, "danger_score": 0.3585, "junction_type": "T-junction", "merge_type": "minor_to_major", "street_count": 3, "approach_bearing": 103.1, "road_name": "Cheney Lane", "road_type": "residential", "major_road_class": 4, "minor_road_class": 2 }, "geometry": { "type": "Point", "coordinates": [ -1.222961339232146, 51.75247235220813 ] } },
{ "type": "Feature", "properties": { "junction_id": 20920981, "junction_lat": 51.7491146, "junction_lon": -1.204381, "warning_lat": 51.749327351006443, "warning_lon": -1.2033474881425159, "danger_score": 0.4735, "junction_type": "T-junction", "merge_type": "minor_to_major", "street_count": 3, "approach_bearing": 251.6, "road_name": "Wood Farm Road", "road_type": "residential", "major_road_class": 6, "minor_road_class": 2 }, "geometry": { "type": "Point", "coordinates": [ -1.203347488142516, 51.749327351006443 ] } },
{ "type": "Feature", "properties": { "junction_id": 21153809, "junction_lat": 51.7468625, "junction_lon": -1.2029272, "warning_lat": 51.74660484129884, "warning_lon": -1.2039339598030192, "danger_score": 0.4667, "junction_type": "T-junction", "merge_type": "minor_to_major", "street_count": 3, "approach_bearing": 67.5, "road_name": "Cinnaminta Road", "road_type": "residential", "major_road_class": 6, "minor_road_class": 2 }, "geometry": { "type": "Point", "coordinates": [ -1.203933959803019, 51.74660484129884 ] } },
{ "type": "Feature", "properties": { "junction_id": 21186393, "junction_lat": 51.7242903, "junction_lon": -1.2237172, "warning_lat": 51.7240436, "warning_lon": -1.2238785, "danger_score": 0.6959, "junction_type": "T-junction", "merge_type": "minor_to_major", "street_count": 3, "approach_bearing": 22.0, "road_name": "Oxford Road", "road_type": "tertiary", "major_road_class": 9, "minor_road_class": 4 }, "geometry": { "type": "Point", "coordinates": [ -1.2238785, 51.7240436 ] } },
{ "type": "Feature", "properties": { "junction_id": 21270743, "junction_lat": 51.7488313, "junction_lon": -1.2042035, "warning_lat": 51.748371076238612, "warning_lon": -1.2049827278340346, "danger_score": 0.5442, "junction_type": "T-junction", "merge_type": "minor_to_major", "street_count": 3, "approach_bearing": 46.3, "road_name": "Dene Road", "road_type": "residential", "major_road_class": 6, "minor_road_class": 2 }, "geometry": { "type": "Point", "coordinates": [ -1.204982727834035, 51.748371076238612 ] } },
{ "type": "Feature", "properties": { "junction_id": 21270745, "junction_lat": 51.7513608, "junction_lon": -1.2054115, "warning_lat": 51.751224157204156, "warning_lon": -1.2064782377372647, "danger_score": 0.35, "junction_type": "T-junction", "merge_type": "minor_to_major", "street_count": 3, "approach_bearing": 78.3, "road_name": "Girdlestone Road", "road_type": "unclassified", "major_road_class": 6, "minor_road_class": 3 }, "geometry": { "type": "Point", "coordinates": [ -1.206478237737265, 51.751224157204156 ] } },
{ "type": "Feature", "properties": { "junction_id": 21423243, "junction_lat": 51.7241425, "junction_lon": -1.2142224, "warning_lat": 51.7240172, "warning_lon": -1.2145744, "danger_score": 0.9139, "junction_type": "T-junction", "merge_type": "minor_to_major", "street_count": 3, "approach_bearing": 60.1, "road_name": "Unnamed", "road_type": "trunk_link", "major_road_class": 9, "minor_road_class": 0 }, "geometry": { "type": "Point", "coordinates": [ -1.2145744, 51.7240172 ] } },
{ "type": "Feature", "properties": { "junction_id": 21423245, "junction_lat": 51.7237766, "junction_lon": -1.2145807, "warning_lat": 51.7240172, "warning_lon": -1.2145744, "danger_score": 0.5696, "junction_type": "T-junction", "merge_type": "minor_to_major", "street_count": 3, "approach_bearing": 180.9, "road_name": "Unnamed", "road_type": "trunk_link", "major_road_class": 4, "minor_road_class": 0 }, "geometry": { "type": "Point", "coordinates": [ -1.2145744, 51.7240172 ] } },
{ "type": "Feature", "properties": { "junction_id": 21524289, "junction_lat": 51.745186, "junction_lon": -1.2017494, "warning_lat": 51.7453168, "warning_lon": -1.2013321, "danger_score": 0.4778, "junction_type": "T-junction", "merge_type": "minor_to_major", "street_count": 3, "approach_bearing": 243.1, "road_name": "Three Fields Road", "road_type": "residential", "major_road_class": 6, "minor_road_class": 2 }, "geometry": { "type": "Point", "coordinates": [ -1.2013321, 51.7453168 ] } },
{ "type": "Feature", "properties": { "junction_id": 21524623, "junction_lat": 51.7640384, "junction_lon": -1.2261448, "warning_lat": 51.764559387844791, "warning_lon": -1.2255371261248544, "danger_score": 0.5975, "junction_type": "T-junction", "merge_type": "minor_to_major", "street_count": 3, "approach_bearing": 215.8, "road_name": "Eden Drive", "road_type": "residential", "major_road_class": 6, "minor_road_class": 2 }, "geometry": { "type": "Point", "coordinates": [ -1.225537126124854, 51.764559387844791 ] } },
{ "type": "Feature", "properties": { "junction_id": 26505819, "junction_lat": 51.7451049, "junction_lon": -1.2298359, "warning_lat": 51.745630917998191, "warning_lon": -1.2291540217282257, "danger_score": 0.5081, "junction_type": "T-junction", "merge_type": "minor_to_major", "street_count": 3, "approach_bearing": 218.8, "road_name": [ "Warneford Road", "Southfield Road" ], "road_type": "residential", "major_road_class": 6, "minor_road_class": 2 }, "geometry": { "type": "Point", "coordinates": [ -1.229154021728226, 51.745630917998191 ] } },
{ "type": "Feature", "properties": { "junction_id": 27086887, "junction_lat": 51.7260887, "junction_lon": -1.2236533, "warning_lat": 51.726130486311682, "warning_lon": -1.2225664856333558, "danger_score": 0.7, "junction_type": "T-junction", "merge_type": "minor_to_major", "street_count": 3, "approach_bearing": 266.4, "road_name": "Eastern Avenue", "road_type": "residential", "major_road_class": 8, "minor_road_class": 2 }, "geometry": { "type": "Point", "coordinates": [ -1.222566485633356, 51.726130486311682 ] } },
{ "type": "Feature", "properties": { "junction_id": 27425903, "junction_lat": 51.7275686, "junction_lon": -1.2097435, "warning_lat": 51.727503559755199, "warning_lon": -1.2108266506860677, "danger_score": 0.398, "junction_type": "T-junction", "merge_type": "minor_to_major", "street_count": 3, "approach_bearing": 84.5, "road_name": "Lockheart Crescent", "road_type": "residential", "major_road_class": 4, "minor_road_class": 2 }, "geometry": { "type": "Point", "coordinates": [ -1.210826650686068, 51.727503559755199 ] } },
{ "type": "Feature", "properties": { "junction_id": 27471302, "junction_lat": 51.7321989, "junction_lon": -1.2194209, "warning_lat": 51.731524750009179, "warning_lon": -1.219437402163537, "danger_score": 0.4868, "junction_type": "T-junction", "merge_type": "minor_to_major", "street_count": 3, "approach_bearing": 0.9, "road_name": "Beauchamp Lane", "road_type": "residential", "major_road_class": 6, "minor_road_class": 2 }, "geometry": { "type": "Point", "coordinates": [ -1.219437402163537, 51.731524750009179 ] } },
{ "type": "Feature", "properties": { "junction_id": 27481483, "junction_lat": 51.7502353, "junction_lon": -1.2434227, "warning_lat": 51.7505952, "warning_lon": -1.2436352, "danger_score": 0.7938, "junction_type": "T-junction", "merge_type": "minor_to_major", "street_count": 3, "approach_bearing": 159.9, "road_name": "York Place", "road_type": "residential", "major_road_class": 8, "minor_road_class": 2 }, "geometry": { "type": "Point", "coordinates": [ -1.2436352, 51.7505952 ] } },
{ "type": "Feature", "properties": { "junction_id": 27482025, "junction_lat": 51.7509575, "junction_lon": -1.2385817, "warning_lat": 51.7513263, "warning_lon": -1.2389733, "danger_score": 0.7148, "junction_type": "T-junction", "merge_type": "minor_to_major", "street_count": 3, "approach_bearing": 146.7, "road_name": "Cave Street", "road_type": "residential", "major_road_class": 8, "minor_road_class": 2 }, "geometry": { "type": "Point", "coordinates": [ -1.2389733, 51.7513263 ] } },
{ "type": "Feature", "properties": { "junction_id": 27482351, "junction_lat": 51.7502955, "junction_lon": -1.2356042, "warning_lat": 51.75007884165074, "warning_lon": -1.2366140232726284, "danger_score": 0.3759, "junction_type": "T-junction", "merge_type": "minor_to_major", "street_count": 3, "approach_bearing": 70.9, "road_name": "Cross Street", "road_type": "residential", "major_road_class": 4, "minor_road_class": 2 }, "geometry": { "type": "Point", "coordinates": [ -1.236614023272628, 51.75007884165074 ] } },
{ "type": "Feature", "properties": { "junction_id": 27552933, "junction_lat": 51.7464375, "junction_lon": -1.2329488, "warning_lat": 51.746975537125969, "warning_lon": -1.2322918781759311, "danger_score": 0.3892, "junction_type": "T-junction", "merge_type": "minor_to_major", "street_count": 3, "approach_bearing": 217.1, "road_name": "Manzil Way", "road_type": "unclassified", "major_road_class": 6, "minor_road_class": 3 }, "geometry": { "type": "Point", "coordinates": [ -1.232291878175931, 51.746975537125969 ] } },
{ "type": "Feature", "properties": { "junction_id": 27553565, "junction_lat": 51.7755159, "junction_lon": -1.2561885, "warning_lat": 51.774842272567241, "warning_lon": -1.2561833434332299, "danger_score": 0.4512, "junction_type": "T-junction", "merge_type": "minor_to_major", "street_count": 3, "approach_bearing": 359.7, "road_name": "Unnamed", "road_type": "unclassified", "major_road_class": 6, "minor_road_class": 3 }, "geometry": { "type": "Point", "coordinates": [ -1.25618334343323, 51.774842272567241 ] } },
{ "type": "Feature", "properties": { "junction_id": 27583966, "junction_lat": 51.761887, "junction_lon": -1.2600132, "warning_lat": 51.762501771323016, "warning_lon": -1.2595730639303242, "danger_score": 0.4951, "junction_type": "Crossroads", "merge_type": "minor_to_major", "street_count": 4, "approach_bearing": 203.9, "road_name": "Norham Gardens", "road_type": "residential", "major_road_class": 4, "minor_road_class": 2 }, "geometry": { "type": "Point", "coordinates": [ -1.259573063930324, 51.762501771323016 ] } },
{ "type": "Feature", "properties": { "junction_id": 27583966, "junction_lat": 51.761887, "junction_lon": -1.2600132, "warning_lat": 51.7617655, "warning_lon": -1.2599558, "danger_score": 0.4951, "junction_type": "Crossroads", "merge_type": "minor_to_major", "street_count": 4, "approach_bearing": 343.7, "road_name": "Parks Road", "road_type": "residential", "major_road_class": 4, "minor_road_class": 2 }, "geometry": { "type": "Point", "coordinates": [ -1.2599558, 51.7617655 ] } },
{ "type": "Feature", "properties": { "junction_id": 29106401, "junction_lat": 51.7454792, "junction_lon": -1.2307174, "warning_lat": 51.746008900688146, "warning_lon": -1.2300431347756473, "danger_score": 0.4798, "junction_type": "T-junction", "merge_type": "minor_to_major", "street_count": 3, "approach_bearing": 218.2, "road_name": "Bartlemas Road", "road_type": "residential", "major_road_class": 6, "minor_road_class": 2 }, "geometry": { "type": "Point", "coordinates": [ -1.230043134775647, 51.746008900688146 ] } },
{ "type": "Feature", "properties": { "junction_id": 29106403, "junction_lat": 51.7446232, "junction_lon": -1.2293386, "warning_lat": 51.7450424, "warning_lon": -1.2285698, "danger_score": 0.5079, "junction_type": "T-junction", "merge_type": "minor_to_major", "street_count": 3, "approach_bearing": 228.6, "road_name": "Evelyn Court", "road_type": "residential", "major_road_class": 6, "minor_road_class": 2 }, "geometry": { "type": "Point", "coordinates": [ -1.2285698, 51.7450424 ] } },
{ "type": "Feature", "properties": { "junction_id": 29107851, "junction_lat": 51.73504, "junction_lon": -1.2148647, "warning_lat": 51.734489566488669, "warning_lon": -1.2154941518708882, "danger_score": 0.4667, "junction_type": "T-junction", "merge_type": "minor_to_major", "street_count": 3, "approach_bearing": 35.3, "road_name": "Cleveland Drive", "road_type": "residential", "major_road_class": 6, "minor_road_class": 2 }, "geometry": { "type": "Point", "coordinates": [ -1.215494151870888, 51.734489566488669 ] } },
{ "type": "Feature", "properties": { "junction_id": 29548472, "junction_lat": 51.7346236, "junction_lon": -1.2098411, "warning_lat": 51.7347336, "warning_lon": -1.2102056, "danger_score": 0.4694, "junction_type": "T-junction", "merge_type": "minor_to_major", "street_count": 3, "approach_bearing": 116.0, "road_name": "Bennett Crescent", "road_type": "residential", "major_road_class": 6, "minor_road_class": 2 }, "geometry": { "type": "Point", "coordinates": [ -1.2102056, 51.7347336 ] } },
{ "type": "Feature", "properties": { "junction_id": 29548497, "junction_lat": 51.7358205, "junction_lon": -1.2089362, "warning_lat": 51.735528285522875, "warning_lon": -1.2079545892285892, "danger_score": 0.4718, "junction_type": "T-junction", "merge_type": "minor_to_major", "street_count": 3, "approach_bearing": 295.7, "road_name": "Fern Hill Road", "road_type": "residential", "major_road_class": 6, "minor_road_class": 2 }, "geometry": { "type": "Point", "coordinates": [ -1.207954589228589, 51.735528285522875 ] } },
{ "type": "Feature", "properties": { "junction_id": 29825150, "junction_lat": 51.7368673, "junction_lon": -1.2081304, "warning_lat": 51.736619364459607, "warning_lon": -1.2071293107980068, "danger_score": 0.4996, "junction_type": "T-junction", "merge_type": "minor_to_major", "street_count": 3, "approach_bearing": 291.8, "road_name": "Sunnyside", "road_type": "residential", "major_road_class": 6, "minor_road_class": 2 }, "geometry": { "type": "Point", "coordinates": [ -1.207129310798007, 51.736619364459607 ] } },
{ "type": "Feature", "properties": { "junction_id": 29825350, "junction_lat": 51.7376646, "junction_lon": -1.2075281, "warning_lat": 51.737378221756217, "warning_lon": -1.2065419705808011, "danger_score": 0.4667, "junction_type": "T-junction", "merge_type": "minor_to_major", "street_count": 3, "approach_bearing": 295.1, "road_name": "Marshall Road", "road_type": "residential", "major_road_class": 6, "minor_road_class": 2 }, "geometry": { "type": "Point", "coordinates": [ -1.206541970580801, 51.737378221756217 ] } },
{ "type": "Feature", "properties": { "junction_id": 29825351, "junction_lat": 51.7377502, "junction_lon": -1.2074659, "warning_lat": 51.7378633, "warning_lon": -1.2078623, "danger_score": 0.4667, "junction_type": "T-junction", "merge_type": "minor_to_major", "street_count": 3, "approach_bearing": 114.7, "road_name": "Hopkins Court", "road_type": "residential", "major_road_class": 6, "minor_road_class": 2 }, "geometry": { "type": "Point", "coordinates": [ -1.2078623, 51.7378633 ] } },
{ "type": "Feature", "properties": { "junction_id": 29825510, "junction_lat": 51.743464, "junction_lon": -1.2023029, "warning_lat": 51.744051292751905, "warning_lon": -1.2027898927473939, "danger_score": 0.5823, "junction_type": "T-junction", "merge_type": "minor_to_major", "street_count": 3, "approach_bearing": 152.8, "road_name": "Bulan Road", "road_type": "residential", "major_road_class": 6, "minor_road_class": 2 }, "geometry": { "type": "Point", "coordinates": [ -1.202789892747394, 51.744051292751905 ] } },
{ "type": "Feature", "properties": { "junction_id": 29825515, "junction_lat": 51.7501479, "junction_lon": -1.204961, "warning_lat": 51.749863275182804, "warning_lon": -1.2059292177305445, "danger_score": 0.6031, "junction_type": "T-junction", "merge_type": "minor_to_major", "street_count": 3, "approach_bearing": 64.6, "road_name": "Peat Moors", "road_type": "residential", "major_road_class": 6, "minor_road_class": 2 }, "geometry": { "type": "Point", "coordinates": [ -1.205929217730545, 51.749863275182804 ] } },
{ "type": "Feature", "properties": { "junction_id": 29825904, "junction_lat": 51.7604748, "junction_lon": -1.2357046, "warning_lat": 51.760535151123463, "warning_lon": -1.234619285224539, "danger_score": 0.4828, "junction_type": "T-junction", "merge_type": "minor_to_major", "street_count": 3, "approach_bearing": 264.9, "road_name": "Harberton Mead", "road_type": "residential", "major_road_class": 6, "minor_road_class": 2 }, "geometry": { "type": "Point", "coordinates": [ -1.234619285224539, 51.760535151123463 ] } },
{ "type": "Feature", "properties": { "junction_id": 30552889, "junction_lat": 51.7408133, "junction_lon": -1.2049663, "warning_lat": 51.740466607506399, "warning_lon": -1.2040319648515199, "danger_score": 0.4702, "junction_type": "T-junction", "merge_type": "minor_to_major", "street_count": 3, "approach_bearing": 300.9, "road_name": "Cranmer Road", "road_type": "residential", "major_road_class": 6, "minor_road_class": 2 }, "geometry": { "type": "Point", "coordinates": [ -1.20403196485152, 51.740466607506399 ] } },
{ "type": "Feature", "properties": { "junction_id": 30552890, "junction_lat": 51.7419019, "junction_lon": -1.2038833, "warning_lat": 51.741531861781738, "warning_lon": -1.2029729306652313, "danger_score": 0.473, "junction_type": "T-junction", "merge_type": "minor_to_major", "street_count": 3, "approach_bearing": 303.3, "road_name": "James Wolfe Road", "road_type": "residential", "major_road_class": 6, "minor_road_class": 2 }, "geometry": { "type": "Point", "coordinates": [ -1.202972930665231, 51.741531861781738 ] } },
{ "type": "Feature", "properties": { "junction_id": 30552891, "junction_lat": 51.7429905, "junction_lon": -1.202765, "warning_lat": 51.742541527807056, "warning_lon": -1.201961119653159, "danger_score": 0.4944, "junction_type": "T-junction", "merge_type": "minor_to_major", "street_count": 3, "approach_bearing": 312.1, "road_name": "Hundred Acres Close", "road_type": "residential", "major_road_class": 6, "minor_road_class": 2 }, "geometry": { "type": "Point", "coordinates": [ -1.201961119653159, 51.742541527807056 ] } },
{ "type": "Feature", "properties": { "junction_id": 30552892, "junction_lat": 51.7438038, "junction_lon": -1.2019557, "warning_lat": 51.7439466, "warning_lon": -1.2012444, "danger_score": 0.6324, "junction_type": "T-junction", "merge_type": "minor_to_major", "street_count": 3, "approach_bearing": 252.0, "road_name": "St Francis Court", "road_type": "residential", "major_road_class": 6, "minor_road_class": 2 }, "geometry": { "type": "Point", "coordinates": [ -1.2012444, 51.7439466 ] } },
{ "type": "Feature", "properties": { "junction_id": 30679821, "junction_lat": 51.7580027, "junction_lon": -1.2357042, "warning_lat": 51.75802168731191, "warning_lon": -1.2346149573862693, "danger_score": 0.4667, "junction_type": "T-junction", "merge_type": "minor_to_major", "street_count": 3, "approach_bearing": 268.4, "road_name": "John Garne Way", "road_type": "residential", "major_road_class": 6, "minor_road_class": 2 }, "geometry": { "type": "Point", "coordinates": [ -1.234614957386269, 51.75802168731191 ] } },
{ "type": "Feature", "properties": { "junction_id": 30884116, "junction_lat": 51.7427904, "junction_lon": -1.2029691, "warning_lat": 51.743278432186571, "warning_lon": -1.203712837883719, "danger_score": 0.5164, "junction_type": "T-junction", "merge_type": "minor_to_major", "street_count": 3, "approach_bearing": 136.7, "road_name": "Dene Road", "road_type": "residential", "major_road_class": 6, "minor_road_class": 2 }, "geometry": { "type": "Point", "coordinates": [ -1.203712837883719, 51.743278432186571 ] } },
{ "type": "Feature", "properties": { "junction_id": 31370598, "junction_lat": 51.7594817, "junction_lon": -1.2133205, "warning_lat": 51.758822131916446, "warning_lon": -1.2131024619871407, "danger_score": 0.7493, "junction_type": "T-junction", "merge_type": "minor_to_major", "street_count": 3, "approach_bearing": 348.4, "road_name": "New High Street", "road_type": "residential", "major_road_class": 8, "minor_road_class": 2 }, "geometry": { "type": "Point", "coordinates": [ -1.213102461987141, 51.758822131916446 ] } },
{ "type": "Feature", "properties": { "junction_id": 31370618, "junction_lat": 51.7598638, "junction_lon": -1.2120998, "warning_lat": 51.7593055, "warning_lon": -1.2119071, "danger_score": 0.7492, "junction_type": "T-junction", "merge_type": "minor_to_major", "street_count": 3, "approach_bearing": 347.9, "road_name": "Kennett Road", "road_type": "residential", "major_road_class": 8, "minor_road_class": 2 }, "geometry": { "type": "Point", "coordinates": [ -1.2119071, 51.7593055 ] } },
{ "type": "Feature", "properties": { "junction_id": 31370624, "junction_lat": 51.7578202, "junction_lon": -1.209261, "warning_lat": 51.757626698253112, "warning_lon": -1.2103048629852704, "danger_score": 0.4931, "junction_type": "T-junction", "merge_type": "minor_to_major", "street_count": 3, "approach_bearing": 73.3, "road_name": "Bateman Street", "road_type": "residential", "major_road_class": 6, "minor_road_class": 2 }, "geometry": { "type": "Point", "coordinates": [ -1.21030486298527, 51.757626698253112 ] } },
{ "type": "Feature", "properties": { "junction_id": 33118186, "junction_lat": 51.7586129, "junction_lon": -1.2528672, "warning_lat": 51.758014531602377, "warning_lon": -1.2523643931497819, "danger_score": 0.4107, "junction_type": "T-junction", "merge_type": "minor_to_major", "street_count": 3, "approach_bearing": 332.5, "road_name": "Mansfield Road", "road_type": "residential", "major_road_class": 4, "minor_road_class": 2 }, "geometry": { "type": "Point", "coordinates": [ -1.252364393149782, 51.758014531602377 ] } },
{ "type": "Feature", "properties": { "junction_id": 83703367, "junction_lat": 51.7621747, "junction_lon": -1.202185, "warning_lat": 51.7616418, "warning_lon": -1.2019928, "danger_score": 0.7038, "junction_type": "T-junction", "merge_type": "minor_to_major", "street_count": 3, "approach_bearing": 347.4, "road_name": "Gladstone Road", "road_type": "residential", "major_road_class": 8, "minor_road_class": 2 }, "geometry": { "type": "Point", "coordinates": [ -1.2019928, 51.7616418 ] } },
{ "type": "Feature", "properties": { "junction_id": 83737169, "junction_lat": 51.7648537, "junction_lon": -1.2271535, "warning_lat": 51.7653528, "warning_lon": -1.2268173, "danger_score": 0.5454, "junction_type": "T-junction", "merge_type": "minor_to_major", "street_count": 3, "approach_bearing": 202.6, "road_name": "Snowdon Mede", "road_type": "residential", "major_road_class": 6, "minor_road_class": 2 }, "geometry": { "type": "Point", "coordinates": [ -1.2268173, 51.7653528 ] } },
{ "type": "Feature", "properties": { "junction_id": 175707033, "junction_lat": 51.7374148, "junction_lon": -1.2186618, "warning_lat": 51.73793980546418, "warning_lon": -1.218357965399997, "danger_score": 0.5211, "junction_type": "T-junction", "merge_type": "minor_to_major", "street_count": 3, "approach_bearing": 199.7, "road_name": [ "Agnes Court", "Leading to Agnes Court" ], "road_type": "residential", "major_road_class": 6, "minor_road_class": 2 }, "geometry": { "type": "Point", "coordinates": [ -1.218357965399997, 51.73793980546418 ] } },
{ "type": "Feature", "properties": { "junction_id": 195798339, "junction_lat": 51.762483, "junction_lon": -1.1998061, "warning_lat": 51.763141993869809, "warning_lon": -1.2000383045155321, "danger_score": 0.7006, "junction_type": "T-junction", "merge_type": "minor_to_major", "street_count": 3, "approach_bearing": 167.7, "road_name": "Northfield Road", "road_type": "residential", "major_road_class": 8, "minor_road_class": 2 }, "geometry": { "type": "Point", "coordinates": [ -1.200038304515532, 51.763141993869809 ] } },
{ "type": "Feature", "properties": { "junction_id": 195798397, "junction_lat": 51.762298, "junction_lon": -1.2012013, "warning_lat": 51.762960726856306, "warning_lon": -1.201403610895325, "danger_score": 0.7046, "junction_type": "T-junction", "merge_type": "minor_to_major", "street_count": 3, "approach_bearing": 169.3, "road_name": "Sefton Road", "road_type": "residential", "major_road_class": 8, "minor_road_class": 2 }, "geometry": { "type": "Point", "coordinates": [ -1.201403610895325, 51.762960726856306 ] } },
{ "type": "Feature", "properties": { "junction_id": 196070873, "junction_lat": 51.7694221, "junction_lon": -1.2047456, "warning_lat": 51.768755060456797, "warning_lon": -1.2049069575012081, "danger_score": 0.4173, "junction_type": "Crossroads", "merge_type": "minor_to_major", "street_count": 4, "approach_bearing": 8.5, "road_name": "Barton Village Road", "road_type": "residential", "major_road_class": 4, "minor_road_class": 2 }, "geometry": { "type": "Point", "coordinates": [ -1.204906957501208, 51.768755060456797 ] } },
{ "type": "Feature", "properties": { "junction_id": 196070873, "junction_lat": 51.7694221, "junction_lon": -1.2047456, "warning_lat": 51.770086455898735, "warning_lon": -1.2045581694021008, "danger_score": 0.4173, "junction_type": "Crossroads", "merge_type": "minor_to_major", "street_count": 4, "approach_bearing": 189.9, "road_name": "Barton Village Road", "road_type": "residential", "major_road_class": 4, "minor_road_class": 2 }, "geometry": { "type": "Point", "coordinates": [ -1.204558169402101, 51.770086455898735 ] } },
{ "type": "Feature", "properties": { "junction_id": 196070908, "junction_lat": 51.7685484, "junction_lon": -1.2008784, "warning_lat": 51.7681353, "warning_lon": -1.2008176, "danger_score": 0.3742, "junction_type": "T-junction", "merge_type": "minor_to_major", "street_count": 3, "approach_bearing": 354.8, "road_name": "High Cross Way", "road_type": "residential", "major_road_class": 4, "minor_road_class": 2 }, "geometry": { "type": "Point", "coordinates": [ -1.2008176, 51.7681353 ] } },
{ "type": "Feature", "properties": { "junction_id": 196116206, "junction_lat": 51.7644238, "junction_lon": -1.1976891, "warning_lat": 51.764642765341414, "warning_lon": -1.1966848807276416, "danger_score": 0.3574, "junction_type": "T-junction", "merge_type": "minor_to_major", "street_count": 3, "approach_bearing": 250.6, "road_name": "Edgecombe Road", "road_type": "residential", "major_road_class": 4, "minor_road_class": 2 }, "geometry": { "type": "Point", "coordinates": [ -1.196684880727642, 51.764642765341414 ] } },
{ "type": "Feature", "properties": { "junction_id": 215247699, "junction_lat": 51.7537499, "junction_lon": -1.206296, "warning_lat": 51.754044809039996, "warning_lon": -1.2053264039479761, "danger_score": 0.552, "junction_type": "T-junction", "merge_type": "minor_to_major", "street_count": 3, "approach_bearing": 243.8, "road_name": "Rock Edge", "road_type": "residential", "major_road_class": 6, "minor_road_class": 2 }, "geometry": { "type": "Point", "coordinates": [ -1.205326403947976, 51.754044809039996 ] } },
{ "type": "Feature", "properties": { "junction_id": 215247715, "junction_lat": 51.7551483, "junction_lon": -1.2073192, "warning_lat": 51.755409902717695, "warning_lon": -1.2063149552984183, "danger_score": 0.4718, "junction_type": "T-junction", "merge_type": "minor_to_major", "street_count": 3, "approach_bearing": 247.2, "road_name": "Gathorne Road", "road_type": "residential", "major_road_class": 6, "minor_road_class": 2 }, "geometry": { "type": "Point", "coordinates": [ -1.206314955298418, 51.755409902717695 ] } },
{ "type": "Feature", "properties": { "junction_id": 215247717, "junction_lat": 51.7572009, "junction_lon": -1.2087961, "warning_lat": 51.757473504481773, "warning_lon": -1.2077994396789804, "danger_score": 0.4682, "junction_type": "T-junction", "merge_type": "minor_to_major", "street_count": 3, "approach_bearing": 246.2, "road_name": "Langley Close", "road_type": "residential", "major_road_class": 6, "minor_road_class": 2 }, "geometry": { "type": "Point", "coordinates": [ -1.20779943967898, 51.757473504481773 ] } },
{ "type": "Feature", "properties": { "junction_id": 221711899, "junction_lat": 51.762347, "junction_lon": -1.1862508, "warning_lat": 51.762534661740318, "warning_lon": -1.1855001112045218, "danger_score": 0.7, "junction_type": "T-junction", "merge_type": "minor_to_major", "street_count": 3, "approach_bearing": 248.0, "road_name": "Burlington Crescent", "road_type": "residential", "major_road_class": 9, "minor_road_class": 2 }, "geometry": { "type": "Point", "coordinates": [ -1.185500111204522, 51.762534661740318 ] } },
{ "type": "Feature", "properties": { "junction_id": 221711931, "junction_lat": 51.7623992, "junction_lon": -1.1854248, "warning_lat": 51.762493105306724, "warning_lon": -1.1862490408680211, "danger_score": 0.7, "junction_type": "T-junction", "merge_type": "minor_to_major", "street_count": 3, "approach_bearing": 100.4, "road_name": "Burlington Crescent", "road_type": "residential", "major_road_class": 9, "minor_road_class": 2 }, "geometry": { "type": "Point", "coordinates": [ -1.186249040868021, 51.762493105306724 ] } },
{ "type": "Feature", "properties": { "junction_id": 224279037, "junction_lat": 51.7746555, "junction_lon": -1.2615769, "warning_lat": 51.77527033013407, "warning_lon": -1.2620251403610017, "danger_score": 0.4791, "junction_type": "T-junction", "merge_type": "minor_to_major", "street_count": 3, "approach_bearing": 155.7, "road_name": "Ferry Pool Road", "road_type": "residential", "major_road_class": 6, "minor_road_class": 2 }, "geometry": { "type": "Point", "coordinates": [ -1.262025140361002, 51.77527033013407 ] } },
{ "type": "Feature", "properties": { "junction_id": 235765783, "junction_lat": 51.7547017, "junction_lon": -1.2129057, "warning_lat": 51.754438192245772, "warning_lon": -1.2121358729108649, "danger_score": 0.3809, "junction_type": "T-junction", "merge_type": "minor_to_major", "street_count": 3, "approach_bearing": 298.9, "road_name": "Nursery Close", "road_type": "residential", "major_road_class": 4, "minor_road_class": 2 }, "geometry": { "type": "Point", "coordinates": [ -1.212135872910865, 51.754438192245772 ] } },
{ "type": "Feature", "properties": { "junction_id": 244453027, "junction_lat": 51.7542301, "junction_lon": -1.206651, "warning_lat": 51.754653908629621, "warning_lon": -1.2071949506684232, "danger_score": 0.4971, "junction_type": "T-junction", "merge_type": "minor_to_major", "street_count": 3, "approach_bearing": 141.5, "road_name": "Unnamed", "road_type": "unclassified", "major_road_class": 6, "minor_road_class": 3 }, "geometry": { "type": "Point", "coordinates": [ -1.207194950668423, 51.754653908629621 ] } },
{ "type": "Feature", "properties": { "junction_id": 244453040, "junction_lat": 51.7560456, "junction_lon": -1.2079659, "warning_lat": 51.755889027786949, "warning_lon": -1.2089872930086065, "danger_score": 0.4883, "junction_type": "T-junction", "merge_type": "minor_to_major", "street_count": 3, "approach_bearing": 76.1, "road_name": "Mattock Close", "road_type": "residential", "major_road_class": 6, "minor_road_class": 2 }, "geometry": { "type": "Point", "coordinates": [ -1.208987293008607, 51.755889027786949 ] } },
{ "type": "Feature", "properties": { "junction_id": 244510628, "junction_lat": 51.7591606, "junction_lon": -1.2143391, "warning_lat": 51.758508898707561, "warning_lon": -1.2140584824013423, "danger_score": 0.5153, "junction_type": "T-junction", "merge_type": "minor_to_major", "street_count": 3, "approach_bearing": 345.1, "road_name": "Lime Walk", "road_type": "tertiary", "major_road_class": 8, "minor_road_class": 4 }, "geometry": { "type": "Point", "coordinates": [ -1.214058482401342, 51.758508898707561 ] } },
{ "type": "Feature", "properties": { "junction_id": 250872182, "junction_lat": 51.7598872, "junction_lon": -1.2120265, "warning_lat": 51.760514552711811, "warning_lon": -1.2124056612712781, "danger_score": 0.7401, "junction_type": "T-junction", "merge_type": "minor_to_major", "street_count": 3, "approach_bearing": 159.5, "road_name": "Stephen Road", "road_type": "residential", "major_road_class": 8, "minor_road_class": 2 }, "geometry": { "type": "Point", "coordinates": [ -1.212405661271278, 51.760514552711811 ] } },
{ "type": "Feature", "properties": { "junction_id": 251838375, "junction_lat": 51.7607049, "junction_lon": -1.2089546, "warning_lat": 51.7602816, "warning_lon": -1.2086433, "danger_score": 0.5833, "junction_type": "T-junction", "merge_type": "minor_to_major", "street_count": 3, "approach_bearing": 335.5, "road_name": "Stile Road", "road_type": "unclassified", "major_road_class": 8, "minor_road_class": 3 }, "geometry": { "type": "Point", "coordinates": [ -1.2086433, 51.7602816 ] } },
{ "type": "Feature", "properties": { "junction_id": 252142732, "junction_lat": 51.7595468, "junction_lon": -1.1950382, "warning_lat": 51.7594941, "warning_lon": -1.1954555, "danger_score": 0.7291, "junction_type": "T-junction", "merge_type": "minor_to_major", "street_count": 3, "approach_bearing": 78.5, "road_name": "Beaumont Road", "road_type": "unclassified", "major_road_class": 9, "minor_road_class": 3 }, "geometry": { "type": "Point", "coordinates": [ -1.1954555, 51.7594941 ] } },
{ "type": "Feature", "properties": { "junction_id": 252142733, "junction_lat": 51.7591299, "junction_lon": -1.1949034, "warning_lat": 51.7591638, "warning_lon": -1.1946305, "danger_score": 0.7001, "junction_type": "T-junction", "merge_type": "minor_to_major", "street_count": 3, "approach_bearing": 258.7, "road_name": "Unnamed", "road_type": "unclassified", "major_road_class": 9, "minor_road_class": 3 }, "geometry": { "type": "Point", "coordinates": [ -1.1946305, 51.7591638 ] } },
{ "type": "Feature", "properties": { "junction_id": 252330323, "junction_lat": 51.7538969, "junction_lon": -1.1997562, "warning_lat": 51.754369291895301, "warning_lon": -1.1990560835879598, "danger_score": 0.3652, "junction_type": "T-junction", "merge_type": "minor_to_major", "street_count": 3, "approach_bearing": 222.5, "road_name": "Douglas Downes Close", "road_type": "residential", "major_road_class": 4, "minor_road_class": 2 }, "geometry": { "type": "Point", "coordinates": [ -1.19905608358796, 51.754369291895301 ] } },
{ "type": "Feature", "properties": { "junction_id": 252823224, "junction_lat": 51.7485671, "junction_lon": -1.2394895, "warning_lat": 51.749226448886759, "warning_lon": -1.2395933287075664, "danger_score": 0.5906, "junction_type": "T-junction", "merge_type": "minor_to_major", "street_count": 3, "approach_bearing": 174.4, "road_name": "Jeune Street", "road_type": "residential", "major_road_class": 6, "minor_road_class": 2 }, "geometry": { "type": "Point", "coordinates": [ -1.239593328707566, 51.749226448886759 ] } },
{ "type": "Feature", "properties": { "junction_id": 256514302, "junction_lat": 51.7238701, "junction_lon": -1.2148241, "warning_lat": 51.7240172, "warning_lon": -1.2145744, "danger_score": 0.5154, "junction_type": "T-junction", "merge_type": "minor_to_major", "street_count": 3, "approach_bearing": 226.4, "road_name": "Unnamed", "road_type": "trunk_link", "major_road_class": 4, "minor_road_class": 0 }, "geometry": { "type": "Point", "coordinates": [ -1.2145744, 51.7240172 ] } },
{ "type": "Feature", "properties": { "junction_id": 256608134, "junction_lat": 51.7271544, "junction_lon": -1.1962157, "warning_lat": 51.726833216442877, "warning_lon": -1.197144574120989, "danger_score": 0.3977, "junction_type": "T-junction", "merge_type": "minor_to_major", "street_count": 3, "approach_bearing": 60.8, "road_name": "Ashville Way", "road_type": "unclassified", "major_road_class": 6, "minor_road_class": 3 }, "geometry": { "type": "Point", "coordinates": [ -1.197144574120989, 51.726833216442877 ] } },
{ "type": "Feature", "properties": { "junction_id": 256695276, "junction_lat": 51.7588789, "junction_lon": -1.2608405, "warning_lat": 51.758554935297326, "warning_lon": -1.2617949959963606, "danger_score": 0.7193, "junction_type": "T-junction", "merge_type": "minor_to_major", "street_count": 3, "approach_bearing": 61.3, "road_name": "Little Clarendon Street", "road_type": "residential", "major_road_class": 8, "minor_road_class": 2 }, "geometry": { "type": "Point", "coordinates": [ -1.261794995996361, 51.758554935297326 ] } },
{ "type": "Feature", "properties": { "junction_id": 259569322, "junction_lat": 51.7458502, "junction_lon": -1.231638, "warning_lat": 51.746379690835774, "warning_lon": -1.2309658031837154, "danger_score": 0.5269, "junction_type": "T-junction", "merge_type": "minor_to_major", "street_count": 3, "approach_bearing": 218.2, "road_name": [ "Warneford Road", "Divinity Road" ], "road_type": "residential", "major_road_class": 6, "minor_road_class": 2 }, "geometry": { "type": "Point", "coordinates": [ -1.230965803183715, 51.746379690835774 ] } },
{ "type": "Feature", "properties": { "junction_id": 259635748, "junction_lat": 51.7549354, "junction_lon": -1.2629521, "warning_lat": 51.755572831832772, "warning_lon": -1.2631992070650253, "danger_score": 0.4667, "junction_type": "T-junction", "merge_type": "minor_to_major", "street_count": 3, "approach_bearing": 166.5, "road_name": "Walton Street", "road_type": "tertiary", "major_road_class": 8, "minor_road_class": 4 }, "geometry": { "type": "Point", "coordinates": [ -1.263199207065025, 51.755572831832772 ] } },
{ "type": "Feature", "properties": { "junction_id": 262543584, "junction_lat": 51.7330707, "junction_lon": -1.2133711, "warning_lat": 51.7330313, "warning_lon": -1.2132843, "danger_score": 0.4667, "junction_type": "T-junction", "merge_type": "minor_to_major", "street_count": 3, "approach_bearing": 306.2, "road_name": "St Luke's Road", "road_type": "residential", "major_road_class": 6, "minor_road_class": 2 }, "geometry": { "type": "Point", "coordinates": [ -1.2132843, 51.7330313 ] } },
{ "type": "Feature", "properties": { "junction_id": 262838412, "junction_lat": 51.7581534, "junction_lon": -1.2602483, "warning_lat": 51.7581173, "warning_lon": -1.2599973, "danger_score": 0.8689, "junction_type": "T-junction", "merge_type": "minor_to_major", "street_count": 3, "approach_bearing": 283.1, "road_name": "St Giles'", "road_type": "primary_link", "major_road_class": 8, "minor_road_class": 0 }, "geometry": { "type": "Point", "coordinates": [ -1.2599973, 51.7581173 ] } },
{ "type": "Feature", "properties": { "junction_id": 263860148, "junction_lat": 51.7364523, "junction_lon": -1.2084446, "warning_lat": 51.7361596, "warning_lon": -1.2075056, "danger_score": 0.47, "junction_type": "T-junction", "merge_type": "minor_to_major", "street_count": 3, "approach_bearing": 296.7, "road_name": "Ivy Close", "road_type": "residential", "major_road_class": 6, "minor_road_class": 2 }, "geometry": { "type": "Point", "coordinates": [ -1.2075056, 51.7361596 ] } },
{ "type": "Feature", "properties": { "junction_id": 265489771, "junction_lat": 51.7270512, "junction_lon": -1.2240594, "warning_lat": 51.7271664, "warning_lon": -1.2235899, "danger_score": 0.7091, "junction_type": "T-junction", "merge_type": "minor_to_major", "street_count": 3, "approach_bearing": 248.4, "road_name": "Cranston Court", "road_type": "residential", "major_road_class": 8, "minor_road_class": 2 }, "geometry": { "type": "Point", "coordinates": [ -1.2235899, 51.7271664 ] } },
{ "type": "Feature", "properties": { "junction_id": 265493130, "junction_lat": 51.7277748, "junction_lon": -1.2244591, "warning_lat": 51.7278949, "warning_lon": -1.2238903, "danger_score": 0.7053, "junction_type": "T-junction", "merge_type": "minor_to_major", "street_count": 3, "approach_bearing": 251.2, "road_name": "Orchard Court", "road_type": "residential", "major_road_class": 8, "minor_road_class": 2 }, "geometry": { "type": "Point", "coordinates": [ -1.2238903, 51.7278949 ] } },
{ "type": "Feature", "properties": { "junction_id": 270302820, "junction_lat": 51.7376892, "junction_lon": -1.1972911, "warning_lat": 51.737171, "warning_lon": -1.1967747, "danger_score": 0.8497, "junction_type": "T-junction", "merge_type": "minor_to_major", "street_count": 3, "approach_bearing": 328.3, "road_name": "Unnamed", "road_type": "tertiary_link", "major_road_class": 9, "minor_road_class": 0 }, "geometry": { "type": "Point", "coordinates": [ -1.1967747, 51.737171 ] } },
{ "type": "Feature", "properties": { "junction_id": 270303259, "junction_lat": 51.737171, "junction_lon": -1.1967747, "warning_lat": 51.7376892, "warning_lon": -1.1972911, "danger_score": 0.7289, "junction_type": "Crossroads", "merge_type": "minor_to_major", "street_count": 4, "approach_bearing": 148.3, "road_name": "Unnamed", "road_type": "tertiary_link", "major_road_class": 4, "minor_road_class": 0 }, "geometry": { "type": "Point", "coordinates": [ -1.1972911, 51.7376892 ] } },
{ "type": "Feature", "properties": { "junction_id": 277396598, "junction_lat": 51.7669431, "junction_lon": -1.1963126, "warning_lat": 51.767004967564915, "warning_lon": -1.1952842881815287, "danger_score": 0.3708, "junction_type": "Crossroads", "merge_type": "minor_to_major", "street_count": 4, "approach_bearing": 264.4, "road_name": "Alden Crescent", "road_type": "residential", "major_road_class": 4, "minor_road_class": 2 }, "geometry": { "type": "Point", "coordinates": [ -1.195284288181529, 51.767004967564915 ] } },
{ "type": "Feature", "properties": { "junction_id": 277396598, "junction_lat": 51.7669431, "junction_lon": -1.1963126, "warning_lat": 51.767498062444751, "warning_lon": -1.1968229879685826, "danger_score": 0.3708, "junction_type": "Crossroads", "merge_type": "minor_to_major", "street_count": 4, "approach_bearing": 150.4, "road_name": "Alden Crescent", "road_type": "residential", "major_road_class": 4, "minor_road_class": 2 }, "geometry": { "type": "Point", "coordinates": [ -1.196822987968583, 51.767498062444751 ] } },
{ "type": "Feature", "properties": { "junction_id": 278047843, "junction_lat": 51.7632334, "junction_lon": -1.1967239, "warning_lat": 51.7635275, "warning_lon": -1.1962199, "danger_score": 0.6337, "junction_type": "T-junction", "merge_type": "minor_to_major", "street_count": 3, "approach_bearing": 226.7, "road_name": "Bayswater Road", "road_type": "tertiary", "major_road_class": 9, "minor_road_class": 4 }, "geometry": { "type": "Point", "coordinates": [ -1.1962199, 51.7635275 ] } },
{ "type": "Feature", "properties": { "junction_id": 279257345, "junction_lat": 51.7569056, "junction_lon": -1.2596544, "warning_lat": 51.7568823, "warning_lon": -1.2598194, "danger_score": 0.714, "junction_type": "T-junction", "merge_type": "minor_to_major", "street_count": 3, "approach_bearing": 77.1, "road_name": "Pusey Street", "road_type": "residential", "major_road_class": 8, "minor_road_class": 2 }, "geometry": { "type": "Point", "coordinates": [ -1.2598194, 51.7568823 ] } },
{ "type": "Feature", "properties": { "junction_id": 279404660, "junction_lat": 51.7381894, "junction_lon": -1.2523966, "warning_lat": 51.737872459346299, "warning_lon": -1.2533545060415681, "danger_score": 0.7333, "junction_type": "T-junction", "merge_type": "minor_to_major", "street_count": 3, "approach_bearing": 61.9, "road_name": "Norreys Avenue", "road_type": "residential", "major_road_class": 8, "minor_road_class": 2 }, "geometry": { "type": "Point", "coordinates": [ -1.253354506041568, 51.737872459346299 ] } },
{ "type": "Feature", "properties": { "junction_id": 279404682, "junction_lat": 51.7476527, "junction_lon": -1.2591178, "warning_lat": 51.7477025, "warning_lon": -1.2588687, "danger_score": 0.7199, "junction_type": "T-junction", "merge_type": "minor_to_major", "street_count": 3, "approach_bearing": 252.1, "road_name": "Butterwyke Place", "road_type": "unclassified", "major_road_class": 8, "minor_road_class": 3 }, "geometry": { "type": "Point", "coordinates": [ -1.2588687, 51.7477025 ] } },
{ "type": "Feature", "properties": { "junction_id": 289929979, "junction_lat": 51.7654866, "junction_lon": -1.2281325, "warning_lat": 51.764868889711025, "warning_lon": -1.2285221894168314, "danger_score": 0.5507, "junction_type": "T-junction", "merge_type": "minor_to_major", "street_count": 3, "approach_bearing": 21.3, "road_name": "Cholesbury Grange", "road_type": "residential", "major_road_class": 6, "minor_road_class": 2 }, "geometry": { "type": "Point", "coordinates": [ -1.228522189416831, 51.764868889711025 ] } },
{ "type": "Feature", "properties": { "junction_id": 310647476, "junction_lat": 51.7934939, "junction_lon": -1.2714604, "warning_lat": 51.79372582527732, "warning_lon": -1.2707978247977387, "danger_score": 0.7744, "junction_type": "T-junction", "merge_type": "minor_to_major", "street_count": 3, "approach_bearing": 240.5, "road_name": "The Meadows", "road_type": "residential", "major_road_class": 8, "minor_road_class": 2 }, "geometry": { "type": "Point", "coordinates": [ -1.270797824797739, 51.79372582527732 ] } },
{ "type": "Feature", "properties": { "junction_id": 311336295, "junction_lat": 51.7639035, "junction_lon": -1.2350584, "warning_lat": 51.763777284182687, "warning_lon": -1.2340046744669435, "danger_score": 0.5199, "junction_type": "T-junction", "merge_type": "minor_to_major", "street_count": 3, "approach_bearing": 281.0, "road_name": "Lynn Close", "road_type": "residential", "major_road_class": 6, "minor_road_class": 2 }, "geometry": { "type": "Point", "coordinates": [ -1.234004674466944, 51.763777284182687 ] } },
{ "type": "Feature", "properties": { "junction_id": 336004095, "junction_lat": 51.7415158, "junction_lon": -1.1960622, "warning_lat": 51.7415402, "warning_lon": -1.196315, "danger_score": 0.6033, "junction_type": "T-junction", "merge_type": "minor_to_major", "street_count": 3, "approach_bearing": 98.9, "road_name": "Unnamed", "road_type": "tertiary", "major_road_class": 9, "minor_road_class": 4 }, "geometry": { "type": "Point", "coordinates": [ -1.196315, 51.7415402 ] } },
{ "type": "Feature", "properties": { "junction_id": 336083205, "junction_lat": 51.7502914, "junction_lon": -1.2442527, "warning_lat": 51.7504191, "warning_lon": -1.2447725, "danger_score": 0.5403, "junction_type": "T-junction", "merge_type": "minor_to_major", "street_count": 3, "approach_bearing": 111.6, "road_name": "The Plain", "road_type": "tertiary", "major_road_class": 8, "minor_road_class": 4 }, "geometry": { "type": "Point", "coordinates": [ -1.2447725, 51.7504191 ] } },
{ "type": "Feature", "properties": { "junction_id": 340106524, "junction_lat": 51.7656793, "junction_lon": -1.2610205, "warning_lat": 51.7660267, "warning_lon": -1.2607048, "danger_score": 0.8673, "junction_type": "T-junction", "merge_type": "minor_to_major", "street_count": 3, "approach_bearing": 209.4, "road_name": "Park Town", "road_type": "residential", "major_road_class": 8, "minor_road_class": 2 }, "geometry": { "type": "Point", "coordinates": [ -1.2607048, 51.7660267 ] } },
{ "type": "Feature", "properties": { "junction_id": 365394785, "junction_lat": 51.7626057, "junction_lon": -1.1988808, "warning_lat": 51.7627212, "warning_lon": -1.1989169, "danger_score": 0.7011, "junction_type": "T-junction", "merge_type": "minor_to_major", "street_count": 3, "approach_bearing": 169.1, "road_name": "Lyndworth Close", "road_type": "residential", "major_road_class": 8, "minor_road_class": 2 }, "geometry": { "type": "Point", "coordinates": [ -1.1989169, 51.7627212 ] } },
{ "type": "Feature", "properties": { "junction_id": 382708104, "junction_lat": 51.7816877, "junction_lon": -1.2730056, "warning_lat": 51.782016812473181, "warning_lon": -1.2720543264335362, "danger_score": 0.7055, "junction_type": "T-junction", "merge_type": "minor_to_major", "street_count": 3, "approach_bearing": 240.8, "road_name": "Squitchey Lane", "road_type": "residential", "major_road_class": 8, "minor_road_class": 2 }, "geometry": { "type": "Point", "coordinates": [ -1.272054326433536, 51.782016812473181 ] } },
{ "type": "Feature", "properties": { "junction_id": 467501561, "junction_lat": 51.7443789, "junction_lon": -1.2290875, "warning_lat": 51.74479655203865, "warning_lon": -1.2282321562923342, "danger_score": 0.5224, "junction_type": "T-junction", "merge_type": "minor_to_major", "street_count": 3, "approach_bearing": 231.7, "road_name": "Bartlemas Lane", "road_type": "residential", "major_road_class": 6, "minor_road_class": 2 }, "geometry": { "type": "Point", "coordinates": [ -1.228232156292334, 51.74479655203865 ] } },
{ "type": "Feature", "properties": { "junction_id": 531661732, "junction_lat": 51.776338, "junction_lon": -1.2645039, "warning_lat": 51.776154535090662, "warning_lon": -1.2655511772288988, "danger_score": 0.7036, "junction_type": "T-junction", "merge_type": "minor_to_major", "street_count": 3, "approach_bearing": 74.2, "road_name": "Oakthorpe Road", "road_type": "residential", "major_road_class": 8, "minor_road_class": 2 }, "geometry": { "type": "Point", "coordinates": [ -1.265551177228899, 51.776154535090662 ] } },
{ "type": "Feature", "properties": { "junction_id": 666482048, "junction_lat": 51.7881771, "junction_lon": -1.2763159, "warning_lat": 51.7882977, "warning_lon": -1.2763557, "danger_score": 0.7257, "junction_type": "T-junction", "merge_type": "minor_to_major", "street_count": 3, "approach_bearing": 168.5, "road_name": "Sunderland Avenue", "road_type": "residential", "major_road_class": 9, "minor_road_class": 2 }, "geometry": { "type": "Point", "coordinates": [ -1.2763557, 51.7882977 ] } },
{ "type": "Feature", "properties": { "junction_id": 666482049, "junction_lat": 51.7882116, "junction_lon": -1.2757642, "warning_lat": 51.7880818, "warning_lon": -1.2757458, "danger_score": 0.7132, "junction_type": "T-junction", "merge_type": "minor_to_major", "street_count": 3, "approach_bearing": 355.0, "road_name": "Unnamed", "road_type": "residential", "major_road_class": 9, "minor_road_class": 2 }, "geometry": { "type": "Point", "coordinates": [ -1.2757458, 51.7880818 ] } },
{ "type": "Feature", "properties": { "junction_id": 666482147, "junction_lat": 51.7801566, "junction_lon": -1.2720816, "warning_lat": 51.7803412, "warning_lon": -1.2715294, "danger_score": 0.7264, "junction_type": "T-junction", "merge_type": "minor_to_major", "street_count": 3, "approach_bearing": 241.6, "road_name": "Bishop Kirk Place", "road_type": "residential", "major_road_class": 8, "minor_road_class": 2 }, "geometry": { "type": "Point", "coordinates": [ -1.2715294, 51.7803412 ] } },
{ "type": "Feature", "properties": { "junction_id": 676766641, "junction_lat": 51.7880732, "junction_lon": -1.2796148, "warning_lat": 51.788193014828941, "warning_lon": -1.2786733573728637, "danger_score": 0.9731, "junction_type": "T-junction", "merge_type": "minor_to_major", "street_count": 3, "approach_bearing": 258.4, "road_name": "Sunderland Avenue", "road_type": "residential", "major_road_class": 9, "minor_road_class": 2 }, "geometry": { "type": "Point", "coordinates": [ -1.278673357372864, 51.788193014828941 ] } },
{ "type": "Feature", "properties": { "junction_id": 679417268, "junction_lat": 51.7785511, "junction_lon": -1.2711619, "warning_lat": 51.779071813538764, "warning_lon": -1.2706590082574827, "danger_score": 0.8425, "junction_type": "T-junction", "merge_type": "minor_to_major", "street_count": 3, "approach_bearing": 210.9, "road_name": "Ridgemont Close", "road_type": "residential", "major_road_class": 8, "minor_road_class": 2 }, "geometry": { "type": "Point", "coordinates": [ -1.270659008257483, 51.779071813538764 ] } },
{ "type": "Feature", "properties": { "junction_id": 908378006, "junction_lat": 51.7387101, "junction_lon": -1.2349371, "warning_lat": 51.7389526, "warning_lon": -1.2346796, "danger_score": 0.8172, "junction_type": "T-junction", "merge_type": "minor_to_major", "street_count": 3, "approach_bearing": 213.3, "road_name": "Iffley Road", "road_type": "residential", "major_road_class": 8, "minor_road_class": 2 }, "geometry": { "type": "Point", "coordinates": [ -1.2346796, 51.7389526 ] } },
{ "type": "Feature", "properties": { "junction_id": 1015938601, "junction_lat": 51.750964, "junction_lon": -1.205286, "warning_lat": 51.750911, "warning_lon": -1.2046124, "danger_score": 0.537, "junction_type": "T-junction", "merge_type": "minor_to_major", "street_count": 3, "approach_bearing": 277.2, "road_name": "Slade Close", "road_type": "residential", "major_road_class": 6, "minor_road_class": 2 }, "geometry": { "type": "Point", "coordinates": [ -1.2046124, 51.750911 ] } },
{ "type": "Feature", "properties": { "junction_id": 1024124220, "junction_lat": 51.7427838, "junction_lon": -1.2268008, "warning_lat": 51.743213757560035, "warning_lon": -1.2259621427174079, "danger_score": 0.4703, "junction_type": "T-junction", "merge_type": "minor_to_major", "street_count": 3, "approach_bearing": 230.4, "road_name": "Kenilworth Avenue", "road_type": "residential", "major_road_class": 6, "minor_road_class": 2 }, "geometry": { "type": "Point", "coordinates": [ -1.225962142717408, 51.743213757560035 ] } },
{ "type": "Feature", "properties": { "junction_id": 1024124266, "junction_lat": 51.7403902, "junction_lon": -1.2362119, "warning_lat": 51.74077692697162, "warning_lon": -1.2353194709628876, "danger_score": 0.7065, "junction_type": "T-junction", "merge_type": "minor_to_major", "street_count": 3, "approach_bearing": 235.0, "road_name": "Percy Street", "road_type": "residential", "major_road_class": 8, "minor_road_class": 2 }, "geometry": { "type": "Point", "coordinates": [ -1.235319470962888, 51.74077692697162 ] } },
{ "type": "Feature", "properties": { "junction_id": 1037612988, "junction_lat": 51.7499435, "junction_lon": -1.2441862, "warning_lat": 51.7498435, "warning_lon": -1.2444986, "danger_score": 0.7526, "junction_type": "T-junction", "merge_type": "minor_to_major", "street_count": 3, "approach_bearing": 62.7, "road_name": "Cowley Place", "road_type": "residential", "major_road_class": 8, "minor_road_class": 2 }, "geometry": { "type": "Point", "coordinates": [ -1.2444986, 51.7498435 ] } },
{ "type": "Feature", "properties": { "junction_id": 1122190515, "junction_lat": 51.7624095, "junction_lon": -1.2631695, "warning_lat": 51.7624905, "warning_lon": -1.2630412, "danger_score": 0.6558, "junction_type": "T-junction", "merge_type": "minor_to_major", "street_count": 3, "approach_bearing": 224.4, "road_name": "Bevington Road", "road_type": "unclassified", "major_road_class": 8, "minor_road_class": 3 }, "geometry": { "type": "Point", "coordinates": [ -1.2630412, 51.7624905 ] } },
{ "type": "Feature", "properties": { "junction_id": 1209407899, "junction_lat": 51.7659496, "junction_lon": -1.2335323, "warning_lat": 51.7659824, "warning_lon": -1.2336461, "danger_score": 0.5091, "junction_type": "T-junction", "merge_type": "minor_to_major", "street_count": 3, "approach_bearing": 115.0, "road_name": "Old Marston Road", "road_type": "residential", "major_road_class": 6, "minor_road_class": 2 }, "geometry": { "type": "Point", "coordinates": [ -1.2336461, 51.7659824 ] } },
{ "type": "Feature", "properties": { "junction_id": 1209407909, "junction_lat": 51.7666999, "junction_lon": -1.2327722, "warning_lat": 51.7667408, "warning_lon": -1.2328649, "danger_score": 0.3519, "junction_type": "T-junction", "merge_type": "minor_to_major", "street_count": 3, "approach_bearing": 125.5, "road_name": "Marston Road", "road_type": "unclassified", "major_road_class": 6, "minor_road_class": 3 }, "geometry": { "type": "Point", "coordinates": [ -1.2328649, 51.7667408 ] } },
{ "type": "Feature", "properties": { "junction_id": 1209407913, "junction_lat": 51.7667408, "junction_lon": -1.2328649, "warning_lat": 51.7666999, "warning_lon": -1.2327722, "danger_score": 0.3599, "junction_type": "T-junction", "merge_type": "minor_to_major", "street_count": 3, "approach_bearing": 305.5, "road_name": "Marston Road", "road_type": "unclassified", "major_road_class": 6, "minor_road_class": 3 }, "geometry": { "type": "Point", "coordinates": [ -1.2327722, 51.7666999 ] } },
{ "type": "Feature", "properties": { "junction_id": 1225308878, "junction_lat": 51.7240759, "junction_lon": -1.2157432, "warning_lat": 51.7239556, "warning_lon": -1.2150385, "danger_score": 0.9352, "junction_type": "T-junction", "merge_type": "minor_to_major", "street_count": 3, "approach_bearing": 285.4, "road_name": "Sandy Lane West", "road_type": "trunk_link", "major_road_class": 9, "minor_road_class": 0 }, "geometry": { "type": "Point", "coordinates": [ -1.2150385, 51.7239556 ] } },
{ "type": "Feature", "properties": { "junction_id": 1239119395, "junction_lat": 51.7345399, "junction_lon": -1.2131606, "warning_lat": 51.7341965, "warning_lon": -1.2131234, "danger_score": 0.5519, "junction_type": "T-junction", "merge_type": "minor_to_major", "street_count": 3, "approach_bearing": 356.2, "road_name": "Cedar Court", "road_type": "residential", "major_road_class": 6, "minor_road_class": 2 }, "geometry": { "type": "Point", "coordinates": [ -1.2131234, 51.7341965 ] } },
{ "type": "Feature", "properties": { "junction_id": 1243901043, "junction_lat": 51.7480586, "junction_lon": -1.2600326, "warning_lat": 51.7483118, "warning_lon": -1.2598377, "danger_score": 0.4667, "junction_type": "T-junction", "merge_type": "minor_to_major", "street_count": 3, "approach_bearing": 205.5, "road_name": "Unnamed", "road_type": "tertiary", "major_road_class": 8, "minor_road_class": 4 }, "geometry": { "type": "Point", "coordinates": [ -1.2598377, 51.7483118 ] } },
{ "type": "Feature", "properties": { "junction_id": 1248748850, "junction_lat": 51.7553909, "junction_lon": -1.2592973, "warning_lat": 51.7552441, "warning_lon": -1.2592467, "danger_score": 0.8689, "junction_type": "T-junction", "merge_type": "minor_to_major", "street_count": 3, "approach_bearing": 348.0, "road_name": "St Giles'", "road_type": "residential", "major_road_class": 8, "minor_road_class": 2 }, "geometry": { "type": "Point", "coordinates": [ -1.2592467, 51.7552441 ] } },
{ "type": "Feature", "properties": { "junction_id": 1260357353, "junction_lat": 51.754991, "junction_lon": -1.2613393, "warning_lat": 51.7553954, "warning_lon": -1.2615021, "danger_score": 0.736, "junction_type": "T-junction", "merge_type": "minor_to_major", "street_count": 3, "approach_bearing": 166.0, "road_name": "St John Street", "road_type": "residential", "major_road_class": 8, "minor_road_class": 2 }, "geometry": { "type": "Point", "coordinates": [ -1.2615021, 51.7553954 ] } },
{ "type": "Feature", "properties": { "junction_id": 1280762373, "junction_lat": 51.7393511, "junction_lon": -1.2062591, "warning_lat": 51.739421261278501, "warning_lon": -1.2073331366683719, "danger_score": 0.5028, "junction_type": "T-junction", "merge_type": "minor_to_major", "street_count": 3, "approach_bearing": 96.0, "road_name": "Barracks Lane", "road_type": "residential", "major_road_class": 6, "minor_road_class": 2 }, "geometry": { "type": "Point", "coordinates": [ -1.207333136668372, 51.739421261278501 ] } },
{ "type": "Feature", "properties": { "junction_id": 1280762380, "junction_lat": 51.7392469, "junction_lon": -1.2063264, "warning_lat": 51.739025459340617, "warning_lon": -1.2052977047638154, "danger_score": 0.4746, "junction_type": "T-junction", "merge_type": "minor_to_major", "street_count": 3, "approach_bearing": 289.2, "road_name": "Horspath Road", "road_type": "residential", "major_road_class": 6, "minor_road_class": 2 }, "geometry": { "type": "Point", "coordinates": [ -1.205297704763815, 51.739025459340617 ] } },
{ "type": "Feature", "properties": { "junction_id": 1280762396, "junction_lat": 51.7395792, "junction_lon": -1.2061108, "warning_lat": 51.7397589, "warning_lon": -1.2056291, "danger_score": 0.6698, "junction_type": "T-junction", "merge_type": "minor_to_major", "street_count": 3, "approach_bearing": 238.9, "road_name": "Hollow Way", "road_type": "residential", "major_road_class": 6, "minor_road_class": 2 }, "geometry": { "type": "Point", "coordinates": [ -1.2056291, 51.7397589 ] } },
{ "type": "Feature", "properties": { "junction_id": 1280788193, "junction_lat": 51.7373262, "junction_lon": -1.1974308, "warning_lat": 51.7372876, "warning_lon": -1.1975844, "danger_score": 0.7016, "junction_type": "Crossroads", "merge_type": "minor_to_major", "street_count": 4, "approach_bearing": 67.9, "road_name": "Horspath Road", "road_type": "tertiary", "major_road_class": 9, "minor_road_class": 4 }, "geometry": { "type": "Point", "coordinates": [ -1.1975844, 51.7372876 ] } },
{ "type": "Feature", "properties": { "junction_id": 1280788193, "junction_lat": 51.7373262, "junction_lon": -1.1974308, "warning_lat": 51.737171, "warning_lon": -1.1967747, "danger_score": 0.7016, "junction_type": "Crossroads", "merge_type": "minor_to_major", "street_count": 4, "approach_bearing": 290.9, "road_name": "Horspath Road", "road_type": "tertiary", "major_road_class": 9, "minor_road_class": 4 }, "geometry": { "type": "Point", "coordinates": [ -1.1967747, 51.737171 ] } },
{ "type": "Feature", "properties": { "junction_id": 1280788205, "junction_lat": 51.7372428, "junction_lon": -1.1974629, "warning_lat": 51.737171, "warning_lon": -1.1967747, "danger_score": 0.6412, "junction_type": "Crossroads", "merge_type": "minor_to_major", "street_count": 4, "approach_bearing": 279.6, "road_name": "Horspath Road", "road_type": "tertiary", "major_road_class": 9, "minor_road_class": 4 }, "geometry": { "type": "Point", "coordinates": [ -1.1967747, 51.737171 ] } },
{ "type": "Feature", "properties": { "junction_id": 1280788205, "junction_lat": 51.7372428, "junction_lon": -1.1974629, "warning_lat": 51.7372876, "warning_lon": -1.1975844, "danger_score": 0.6412, "junction_type": "Crossroads", "merge_type": "minor_to_major", "street_count": 4, "approach_bearing": 120.8, "road_name": "Horspath Road", "road_type": "tertiary", "major_road_class": 9, "minor_road_class": 4 }, "geometry": { "type": "Point", "coordinates": [ -1.1975844, 51.7372876 ] } },
{ "type": "Feature", "properties": { "junction_id": 1282268865, "junction_lat": 51.7263347, "junction_lon": -1.1947944, "warning_lat": 51.7262731, "warning_lon": -1.1948719, "danger_score": 0.35, "junction_type": "T-junction", "merge_type": "minor_to_major", "street_count": 3, "approach_bearing": 37.9, "road_name": "Sandy Lane", "road_type": "unclassified", "major_road_class": 6, "minor_road_class": 3 }, "geometry": { "type": "Point", "coordinates": [ -1.1948719, 51.7262731 ] } },
{ "type": "Feature", "properties": { "junction_id": 1282268887, "junction_lat": 51.7264841, "junction_lon": -1.1950493, "warning_lat": 51.7266863, "warning_lon": -1.1948115, "danger_score": 0.4904, "junction_type": "Crossroads", "merge_type": "minor_to_major", "street_count": 4, "approach_bearing": 216.1, "road_name": "Transport Way", "road_type": "unclassified", "major_road_class": 6, "minor_road_class": 3 }, "geometry": { "type": "Point", "coordinates": [ -1.1948115, 51.7266863 ] } },
{ "type": "Feature", "properties": { "junction_id": 1282268887, "junction_lat": 51.7264841, "junction_lon": -1.1950493, "warning_lat": 51.7264711, "warning_lon": -1.1952253, "danger_score": 0.4904, "junction_type": "Crossroads", "merge_type": "minor_to_major", "street_count": 4, "approach_bearing": 83.2, "road_name": "Transport Way", "road_type": "unclassified", "major_road_class": 6, "minor_road_class": 3 }, "geometry": { "type": "Point", "coordinates": [ -1.1952253, 51.7264711 ] } },
{ "type": "Feature", "properties": { "junction_id": 1282268898, "junction_lat": 51.7267965, "junction_lon": -1.1956341, "warning_lat": 51.7267669, "warning_lon": -1.1956869, "danger_score": 0.3636, "junction_type": "T-junction", "merge_type": "minor_to_major", "street_count": 3, "approach_bearing": 47.9, "road_name": "Harrow Road", "road_type": "unclassified", "major_road_class": 6, "minor_road_class": 3 }, "geometry": { "type": "Point", "coordinates": [ -1.1956869, 51.7267669 ] } },
{ "type": "Feature", "properties": { "junction_id": 1282268994, "junction_lat": 51.7265546, "junction_lon": -1.1951798, "warning_lat": 51.7264711, "warning_lon": -1.1952253, "danger_score": 0.4248, "junction_type": "Crossroads", "merge_type": "minor_to_major", "street_count": 4, "approach_bearing": 18.7, "road_name": "Transport Way", "road_type": "unclassified", "major_road_class": 6, "minor_road_class": 3 }, "geometry": { "type": "Point", "coordinates": [ -1.1952253, 51.7264711 ] } },
{ "type": "Feature", "properties": { "junction_id": 1282268994, "junction_lat": 51.7265546, "junction_lon": -1.1951798, "warning_lat": 51.7266863, "warning_lon": -1.1948115, "danger_score": 0.4248, "junction_type": "Crossroads", "merge_type": "minor_to_major", "street_count": 4, "approach_bearing": 240.0, "road_name": "Transport Way", "road_type": "unclassified", "major_road_class": 6, "minor_road_class": 3 }, "geometry": { "type": "Point", "coordinates": [ -1.1948115, 51.7266863 ] } },
{ "type": "Feature", "properties": { "junction_id": 1282269034, "junction_lat": 51.7264711, "junction_lon": -1.1952253, "warning_lat": 51.7264841, "warning_lon": -1.1950493, "danger_score": 0.4869, "junction_type": "Crossroads", "merge_type": "minor_to_major", "street_count": 4, "approach_bearing": 263.2, "road_name": "Transport Way", "road_type": "unclassified", "major_road_class": 6, "minor_road_class": 3 }, "geometry": { "type": "Point", "coordinates": [ -1.1950493, 51.7264841 ] } },
{ "type": "Feature", "properties": { "junction_id": 1282269034, "junction_lat": 51.7264711, "junction_lon": -1.1952253, "warning_lat": 51.7265546, "warning_lon": -1.1951798, "danger_score": 0.4869, "junction_type": "Crossroads", "merge_type": "minor_to_major", "street_count": 4, "approach_bearing": 198.7, "road_name": "Transport Way", "road_type": "unclassified", "major_road_class": 6, "minor_road_class": 3 }, "geometry": { "type": "Point", "coordinates": [ -1.1951798, 51.7265546 ] } },
{ "type": "Feature", "properties": { "junction_id": 1282269199, "junction_lat": 51.7248876, "junction_lon": -1.1905988, "warning_lat": 51.7244847, "warning_lon": -1.1909277, "danger_score": 0.5094, "junction_type": "T-junction", "merge_type": "minor_to_major", "street_count": 3, "approach_bearing": 26.8, "road_name": "Berry Close", "road_type": "residential", "major_road_class": 6, "minor_road_class": 2 }, "geometry": { "type": "Point", "coordinates": [ -1.1909277, 51.7244847 ] } },
{ "type": "Feature", "properties": { "junction_id": 1282269247, "junction_lat": 51.7262731, "junction_lon": -1.1948719, "warning_lat": 51.725930225744662, "warning_lon": -1.1957750120842576, "danger_score": 0.4097, "junction_type": "Crossroads", "merge_type": "minor_to_major", "street_count": 4, "approach_bearing": 58.5, "road_name": "Sandy Lane", "road_type": "unclassified", "major_road_class": 6, "minor_road_class": 3 }, "geometry": { "type": "Point", "coordinates": [ -1.195775012084258, 51.725930225744662 ] } },
{ "type": "Feature", "properties": { "junction_id": 1282269247, "junction_lat": 51.7262731, "junction_lon": -1.1948719, "warning_lat": 51.7263347, "warning_lon": -1.1947944, "danger_score": 0.4097, "junction_type": "Crossroads", "merge_type": "minor_to_major", "street_count": 4, "approach_bearing": 217.9, "road_name": "Sandy Lane", "road_type": "unclassified", "major_road_class": 6, "minor_road_class": 3 }, "geometry": { "type": "Point", "coordinates": [ -1.1947944, 51.7263347 ] } },
{ "type": "Feature", "properties": { "junction_id": 1282269281, "junction_lat": 51.7267669, "junction_lon": -1.1956869, "warning_lat": 51.7267965, "warning_lon": -1.1956341, "danger_score": 0.3563, "junction_type": "Crossroads", "merge_type": "minor_to_major", "street_count": 4, "approach_bearing": 227.9, "road_name": "Harrow Road", "road_type": "unclassified", "major_road_class": 6, "minor_road_class": 3 }, "geometry": { "type": "Point", "coordinates": [ -1.1956341, 51.7267965 ] } },
{ "type": "Feature", "properties": { "junction_id": 1282269281, "junction_lat": 51.7267669, "junction_lon": -1.1956869, "warning_lat": 51.7264332, "warning_lon": -1.1963411, "danger_score": 0.3563, "junction_type": "Crossroads", "merge_type": "minor_to_major", "street_count": 4, "approach_bearing": 50.5, "road_name": "Harrow Road", "road_type": "unclassified", "major_road_class": 6, "minor_road_class": 3 }, "geometry": { "type": "Point", "coordinates": [ -1.1963411, 51.7264332 ] } },
{ "type": "Feature", "properties": { "junction_id": 1324651550, "junction_lat": 51.7320118, "junction_lon": -1.2067972, "warning_lat": 51.731390232440596, "warning_lon": -1.2071536108232845, "danger_score": 0.35, "junction_type": "T-junction", "merge_type": "minor_to_major", "street_count": 3, "approach_bearing": 19.6, "road_name": "Unnamed", "road_type": "unclassified", "major_road_class": 6, "minor_road_class": 3 }, "geometry": { "type": "Point", "coordinates": [ -1.207153610823285, 51.731390232440596 ] } },
{ "type": "Feature", "properties": { "junction_id": 1324797976, "junction_lat": 51.7623709, "junction_lon": -1.1964501, "warning_lat": 51.762790896885299, "warning_lon": -1.1957821967463584, "danger_score": 0.8265, "junction_type": "T-junction", "merge_type": "minor_to_major", "street_count": 3, "approach_bearing": 224.5, "road_name": "Unnamed", "road_type": "trunk_link", "major_road_class": 9, "minor_road_class": 0 }, "geometry": { "type": "Point", "coordinates": [ -1.195782196746358, 51.762790896885299 ] } },
{ "type": "Feature", "properties": { "junction_id": 1326559092, "junction_lat": 51.7327888, "junction_lon": -1.2141766, "warning_lat": 51.7327167, "warning_lon": -1.2148355, "danger_score": 0.912, "junction_type": "T-junction", "merge_type": "minor_to_major", "street_count": 3, "approach_bearing": 80.0, "road_name": "Unnamed", "road_type": "secondary_link", "major_road_class": 6, "minor_road_class": 0 }, "geometry": { "type": "Point", "coordinates": [ -1.2148355, 51.7327167 ] } },
{ "type": "Feature", "properties": { "junction_id": 1327374109, "junction_lat": 51.7834525, "junction_lon": -1.2680286, "warning_lat": 51.783124175740063, "warning_lon": -1.2689808071849316, "danger_score": 0.712, "junction_type": "T-junction", "merge_type": "minor_to_major", "street_count": 3, "approach_bearing": 60.9, "road_name": "Squitchey Lane", "road_type": "residential", "major_road_class": 8, "minor_road_class": 2 }, "geometry": { "type": "Point", "coordinates": [ -1.268980807184932, 51.783124175740063 ] } },
{ "type": "Feature", "properties": { "junction_id": 1339095131, "junction_lat": 51.788365, "junction_lon": -1.2805802, "warning_lat": 51.7884775, "warning_lon": -1.2802605, "danger_score": 0.809, "junction_type": "T-junction", "merge_type": "minor_to_major", "street_count": 3, "approach_bearing": 240.4, "road_name": "Five Mile Drive", "road_type": "residential", "major_road_class": 9, "minor_road_class": 2 }, "geometry": { "type": "Point", "coordinates": [ -1.2802605, 51.7884775 ] } },
{ "type": "Feature", "properties": { "junction_id": 1340370944, "junction_lat": 51.7923349, "junction_lon": -1.2719312, "warning_lat": 51.7928056, "warning_lon": -1.2717709, "danger_score": 0.7, "junction_type": "T-junction", "merge_type": "minor_to_major", "street_count": 3, "approach_bearing": 191.9, "road_name": "Banbury Road", "road_type": "residential", "major_road_class": 8, "minor_road_class": 2 }, "geometry": { "type": "Point", "coordinates": [ -1.2717709, 51.7928056 ] } },
{ "type": "Feature", "properties": { "junction_id": 1342608004, "junction_lat": 51.732374, "junction_lon": -1.2068165, "warning_lat": 51.732972578594868, "warning_lon": -1.2063263823283961, "danger_score": 0.3634, "junction_type": "T-junction", "merge_type": "minor_to_major", "street_count": 3, "approach_bearing": 206.9, "road_name": "Unnamed", "road_type": "unclassified", "major_road_class": 6, "minor_road_class": 3 }, "geometry": { "type": "Point", "coordinates": [ -1.206326382328396, 51.732972578594868 ] } },
{ "type": "Feature", "properties": { "junction_id": 1426320577, "junction_lat": 51.7753941, "junction_lon": -1.2307775, "warning_lat": 51.775275073815259, "warning_lon": -1.2318441335254804, "danger_score": 0.509, "junction_type": "T-junction", "merge_type": "minor_to_major", "street_count": 3, "approach_bearing": 79.8, "road_name": "Elsfield Road", "road_type": [ "residential", "unclassified" ], "major_road_class": 3, "minor_road_class": 2 }, "geometry": { "type": "Point", "coordinates": [ -1.23184413352548, 51.775275073815259 ] } },
{ "type": "Feature", "properties": { "junction_id": 1426320577, "junction_lat": 51.7753941, "junction_lon": -1.2307775, "warning_lat": 51.7755621, "warning_lon": -1.2306165, "danger_score": 0.509, "junction_type": "T-junction", "merge_type": "minor_to_major", "street_count": 3, "approach_bearing": 210.7, "road_name": "Unnamed", "road_type": "trunk_link", "major_road_class": 3, "minor_road_class": 0 }, "geometry": { "type": "Point", "coordinates": [ -1.2306165, 51.7755621 ] } },
{ "type": "Feature", "properties": { "junction_id": 1446734354, "junction_lat": 51.7879816, "junction_lon": -1.2809533, "warning_lat": 51.7877211, "warning_lon": -1.2810187, "danger_score": 0.6554, "junction_type": "T-junction", "merge_type": "minor_to_major", "street_count": 3, "approach_bearing": 8.8, "road_name": "Godstow Road", "road_type": "tertiary", "major_road_class": 9, "minor_road_class": 4 }, "geometry": { "type": "Point", "coordinates": [ -1.2810187, 51.7877211 ] } },
{ "type": "Feature", "properties": { "junction_id": 1461303386, "junction_lat": 51.7349876, "junction_lon": -1.232406, "warning_lat": 51.7348676, "warning_lon": -1.2326148, "danger_score": 0.7618, "junction_type": "T-junction", "merge_type": "minor_to_major", "street_count": 3, "approach_bearing": 47.1, "road_name": "Iffley Turn", "road_type": "residential", "major_road_class": 8, "minor_road_class": 2 }, "geometry": { "type": "Point", "coordinates": [ -1.2326148, 51.7348676 ] } },
{ "type": "Feature", "properties": { "junction_id": 1488891027, "junction_lat": 51.7361692, "junction_lon": -1.240098, "warning_lat": 51.735601622620273, "warning_lon": -1.2395159543117176, "danger_score": 0.4753, "junction_type": "T-junction", "merge_type": "minor_to_major", "street_count": 3, "approach_bearing": 327.6, "road_name": "Meadow Lane", "road_type": "residential", "major_road_class": 6, "minor_road_class": 2 }, "geometry": { "type": "Point", "coordinates": [ -1.239515954311718, 51.735601622620273 ] } },
{ "type": "Feature", "properties": { "junction_id": 2140429306, "junction_lat": 51.7878653, "junction_lon": -1.2806334, "warning_lat": 51.7877211, "warning_lon": -1.2810187, "danger_score": 0.6779, "junction_type": "T-junction", "merge_type": "minor_to_major", "street_count": 3, "approach_bearing": 58.8, "road_name": "Godstow Road", "road_type": "tertiary", "major_road_class": 9, "minor_road_class": 4 }, "geometry": { "type": "Point", "coordinates": [ -1.2810187, 51.7877211 ] } },
{ "type": "Feature", "properties": { "junction_id": 2639617443, "junction_lat": 51.7488721, "junction_lon": -1.2405114, "warning_lat": 51.74953448312931, "warning_lon": -1.2405016771767905, "danger_score": 0.5392, "junction_type": "T-junction", "merge_type": "minor_to_major", "street_count": 3, "approach_bearing": 180.5, "road_name": "Alma Place", "road_type": "residential", "major_road_class": 6, "minor_road_class": 2 }, "geometry": { "type": "Point", "coordinates": [ -1.24050167717679, 51.74953448312931 ] } },
{ "type": "Feature", "properties": { "junction_id": 3222669603, "junction_lat": 51.7627892, "junction_lon": -1.196436, "warning_lat": 51.7628317, "warning_lon": -1.1959234, "danger_score": 0.8119, "junction_type": "T-junction", "merge_type": "minor_to_major", "street_count": 3, "approach_bearing": 262.4, "road_name": "Unnamed", "road_type": "trunk_link", "major_road_class": 9, "minor_road_class": 0 }, "geometry": { "type": "Point", "coordinates": [ -1.1959234, 51.7628317 ] } },
{ "type": "Feature", "properties": { "junction_id": 3222669614, "junction_lat": 51.7631126, "junction_lon": -1.1964062, "warning_lat": 51.7635275, "warning_lon": -1.1962199, "danger_score": 0.6368, "junction_type": "T-junction", "merge_type": "minor_to_major", "street_count": 3, "approach_bearing": 195.5, "road_name": "Bayswater Road", "road_type": "tertiary", "major_road_class": 9, "minor_road_class": 4 }, "geometry": { "type": "Point", "coordinates": [ -1.1962199, 51.7635275 ] } },
{ "type": "Feature", "properties": { "junction_id": 3421973681, "junction_lat": 51.7526881, "junction_lon": -1.2673723, "warning_lat": 51.752746692162908, "warning_lon": -1.26628848813927, "danger_score": 0.587, "junction_type": "T-junction", "merge_type": "minor_to_major", "street_count": 3, "approach_bearing": 265.0, "road_name": "Park End Street", "road_type": "unclassified", "major_road_class": 8, "minor_road_class": 3 }, "geometry": { "type": "Point", "coordinates": [ -1.26628848813927, 51.752746692162908 ] } },
{ "type": "Feature", "properties": { "junction_id": 3427433432, "junction_lat": 51.7509694, "junction_lon": -1.2671522, "warning_lat": 51.750830199132338, "warning_lon": -1.2682175099050597, "danger_score": 0.7754, "junction_type": "T-junction", "merge_type": "minor_to_major", "street_count": 3, "approach_bearing": 78.1, "road_name": [ "Osney Lane", "Becket Street" ], "road_type": "unclassified", "major_road_class": 8, "minor_road_class": 3 }, "geometry": { "type": "Point", "coordinates": [ -1.26821750990506, 51.750830199132338 ] } },
{ "type": "Feature", "properties": { "junction_id": 3884026363, "junction_lat": 51.7327167, "junction_lon": -1.2148355, "warning_lat": 51.7327888, "warning_lon": -1.2141766, "danger_score": 0.8609, "junction_type": "T-junction", "merge_type": "minor_to_major", "street_count": 3, "approach_bearing": 260.0, "road_name": "Unnamed", "road_type": "secondary_link", "major_road_class": 6, "minor_road_class": 0 }, "geometry": { "type": "Point", "coordinates": [ -1.2141766, 51.7327888 ] } },
{ "type": "Feature", "properties": { "junction_id": 5818739908, "junction_lat": 51.7710786, "junction_lon": -1.2183432, "warning_lat": 51.7716192, "warning_lon": -1.2183023, "danger_score": 0.8021, "junction_type": "T-junction", "merge_type": "minor_to_major", "street_count": 3, "approach_bearing": 182.7, "road_name": "Barton Fields Road", "road_type": "tertiary_link", "major_road_class": 9, "minor_road_class": 0 }, "geometry": { "type": "Point", "coordinates": [ -1.2183023, 51.7716192 ] } },
{ "type": "Feature", "properties": { "junction_id": 5818739909, "junction_lat": 51.7716192, "junction_lon": -1.2183023, "warning_lat": 51.7710786, "warning_lon": -1.2183432, "danger_score": 0.6284, "junction_type": "T-junction", "merge_type": "minor_to_major", "street_count": 3, "approach_bearing": 2.7, "road_name": "Barton Fields Road", "road_type": "tertiary_link", "major_road_class": 4, "minor_road_class": 0 }, "geometry": { "type": "Point", "coordinates": [ -1.2183432, 51.7710786 ] } },
{ "type": "Feature", "properties": { "junction_id": 5818739913, "junction_lat": 51.7707931, "junction_lon": -1.218219, "warning_lat": 51.7711265, "warning_lon": -1.2188325, "danger_score": 0.856, "junction_type": "T-junction", "merge_type": "minor_to_major", "street_count": 3, "approach_bearing": 131.3, "road_name": "Unnamed", "road_type": "tertiary", "major_road_class": 9, "minor_road_class": 4 }, "geometry": { "type": "Point", "coordinates": [ -1.2188325, 51.7711265 ] } },
{ "type": "Feature", "properties": { "junction_id": 5818739926, "junction_lat": 51.7712677, "junction_lon": -1.2188095, "warning_lat": 51.7711265, "warning_lon": -1.2188325, "danger_score": 0.674, "junction_type": "Crossroads", "merge_type": "minor_to_major", "street_count": 4, "approach_bearing": 5.8, "road_name": "Unnamed", "road_type": "tertiary", "major_road_class": 9, "minor_road_class": 4 }, "geometry": { "type": "Point", "coordinates": [ -1.2188325, 51.7711265 ] } },
{ "type": "Feature", "properties": { "junction_id": 5818739926, "junction_lat": 51.7712677, "junction_lon": -1.2188095, "warning_lat": 51.7715308, "warning_lon": -1.2184411, "danger_score": 0.674, "junction_type": "Crossroads", "merge_type": "minor_to_major", "street_count": 4, "approach_bearing": 220.9, "road_name": "Barton Fields Road", "road_type": "tertiary", "major_road_class": 9, "minor_road_class": 4 }, "geometry": { "type": "Point", "coordinates": [ -1.2184411, 51.7715308 ] } },
{ "type": "Feature", "properties": { "junction_id": 5818739927, "junction_lat": 51.7717923, "junction_lon": -1.2180036, "warning_lat": 51.772103171509542, "warning_lon": -1.2187538398108733, "danger_score": 0.3955, "junction_type": "T-junction", "merge_type": "minor_to_major", "street_count": 3, "approach_bearing": 123.8, "road_name": "Meadowsweet Way", "road_type": "residential", "major_road_class": 4, "minor_road_class": 2 }, "geometry": { "type": "Point", "coordinates": [ -1.218753839810873, 51.772103171509542 ] } },
{ "type": "Feature", "properties": { "junction_id": 6660523316, "junction_lat": 51.788193, "junction_lon": -1.2654328, "warning_lat": 51.7880964, "warning_lon": -1.2652899, "danger_score": 0.9305, "junction_type": "T-junction", "merge_type": "minor_to_major", "street_count": 3, "approach_bearing": 317.5, "road_name": "Jackson Road", "road_type": "residential", "major_road_class": 9, "minor_road_class": 2 }, "geometry": { "type": "Point", "coordinates": [ -1.2652899, 51.7880964 ] } },
{ "type": "Feature", "properties": { "junction_id": 7880193807, "junction_lat": 51.7719443, "junction_lon": -1.2165919, "warning_lat": 51.772185633900001, "warning_lon": -1.2157167463874821, "danger_score": 0.3823, "junction_type": "T-junction", "merge_type": "minor_to_major", "street_count": 3, "approach_bearing": 246.0, "road_name": "Oldwell Road", "road_type": "residential", "major_road_class": 4, "minor_road_class": 2 }, "geometry": { "type": "Point", "coordinates": [ -1.215716746387482, 51.772185633900001 ] } },
{ "type": "Feature", "properties": { "junction_id": 8078251806, "junction_lat": 51.7632747, "junction_lon": -1.2253152, "warning_lat": 51.763112964561159, "warning_lon": -1.2263666184977304, "danger_score": 0.5392, "junction_type": "T-junction", "merge_type": "minor_to_major", "street_count": 3, "approach_bearing": 76.0, "road_name": "Staunton Road", "road_type": "residential", "major_road_class": 6, "minor_road_class": 2 }, "geometry": { "type": "Point", "coordinates": [ -1.22636661849773, 51.763112964561159 ] } },
{ "type": "Feature", "properties": { "junction_id": 8109191560, "junction_lat": 51.7671919, "junction_lon": -1.2323269, "warning_lat": 51.7671496, "warning_lon": -1.232242, "danger_score": 0.358, "junction_type": "T-junction", "merge_type": "minor_to_major", "street_count": 3, "approach_bearing": 308.8, "road_name": "Marston Road", "road_type": "unclassified", "major_road_class": 6, "minor_road_class": 3 }, "geometry": { "type": "Point", "coordinates": [ -1.232242, 51.7671496 ] } },
{ "type": "Feature", "properties": { "junction_id": 8109191561, "junction_lat": 51.7671496, "junction_lon": -1.232242, "warning_lat": 51.7671919, "warning_lon": -1.2323269, "danger_score": 0.35, "junction_type": "T-junction", "merge_type": "minor_to_major", "street_count": 3, "approach_bearing": 128.8, "road_name": "Marston Road", "road_type": "unclassified", "major_road_class": 6, "minor_road_class": 3 }, "geometry": { "type": "Point", "coordinates": [ -1.2323269, 51.7671919 ] } },
{ "type": "Feature", "properties": { "junction_id": 8194783969, "junction_lat": 51.767699, "junction_lon": -1.1967688, "warning_lat": 51.767068073714199, "warning_lon": -1.1965711509918973, "danger_score": 0.3738, "junction_type": "T-junction", "merge_type": "minor_to_major", "street_count": 3, "approach_bearing": 349.0, "road_name": "Alden Crescent", "road_type": "residential", "major_road_class": 4, "minor_road_class": 2 }, "geometry": { "type": "Point", "coordinates": [ -1.196571150991897, 51.767068073714199 ] } },
{ "type": "Feature", "properties": { "junction_id": 8399368007, "junction_lat": 51.7626861, "junction_lon": -1.1818009, "warning_lat": 51.7628016, "warning_lon": -1.1818468, "danger_score": 0.7031, "junction_type": "T-junction", "merge_type": "minor_to_major", "street_count": 3, "approach_bearing": 166.2, "road_name": "Merewood Avenue", "road_type": "residential", "major_road_class": 9, "minor_road_class": 2 }, "geometry": { "type": "Point", "coordinates": [ -1.1818468, 51.7628016 ] } },
{ "type": "Feature", "properties": { "junction_id": 8399368008, "junction_lat": 51.7628679, "junction_lon": -1.1818705, "warning_lat": 51.7631886, "warning_lon": -1.1820666, "danger_score": 0.721, "junction_type": "Crossroads", "merge_type": "minor_to_major", "street_count": 4, "approach_bearing": 159.3, "road_name": "Merewood Avenue", "road_type": "residential", "major_road_class": 9, "minor_road_class": 2 }, "geometry": { "type": "Point", "coordinates": [ -1.1820666, 51.7631886 ] } },
{ "type": "Feature", "properties": { "junction_id": 8399368008, "junction_lat": 51.7628679, "junction_lon": -1.1818705, "warning_lat": 51.7628016, "warning_lon": -1.1818468, "danger_score": 0.721, "junction_type": "Crossroads", "merge_type": "minor_to_major", "street_count": 4, "approach_bearing": 347.5, "road_name": "Merewood Avenue", "road_type": "residential", "major_road_class": 9, "minor_road_class": 2 }, "geometry": { "type": "Point", "coordinates": [ -1.1818468, 51.7628016 ] } },
{ "type": "Feature", "properties": { "junction_id": 8725993915, "junction_lat": 51.7626943, "junction_lon": -1.1969145, "warning_lat": 51.7622948, "warning_lon": -1.1969462, "danger_score": 0.9231, "junction_type": "Crossroads", "merge_type": "minor_to_major", "street_count": 4, "approach_bearing": 2.8, "road_name": "Green Road", "road_type": "residential", "major_road_class": 9, "minor_road_class": 2 }, "geometry": { "type": "Point", "coordinates": [ -1.1969462, 51.7622948 ] } },
{ "type": "Feature", "properties": { "junction_id": 9044228867, "junction_lat": 51.7526352, "junction_lon": -1.2505975, "warning_lat": 51.753301203863735, "warning_lon": -1.2504650229711138, "danger_score": 0.3834, "junction_type": "T-junction", "merge_type": "minor_to_major", "street_count": 3, "approach_bearing": 187.0, "road_name": "Queen's Lane", "road_type": "residential", "major_road_class": 4, "minor_road_class": 2 }, "geometry": { "type": "Point", "coordinates": [ -1.250465022971114, 51.753301203863735 ] } },
{ "type": "Feature", "properties": { "junction_id": 9111506388, "junction_lat": 51.7410643, "junction_lon": -1.1964203, "warning_lat": 51.74161, "warning_lon": -1.1969033, "danger_score": 0.8782, "junction_type": "T-junction", "merge_type": "minor_to_major", "street_count": 3, "approach_bearing": 151.3, "road_name": "Unnamed", "road_type": "tertiary_link", "major_road_class": 9, "minor_road_class": 0 }, "geometry": { "type": "Point", "coordinates": [ -1.1969033, 51.74161 ] } },
{ "type": "Feature", "properties": { "junction_id": 9455534392, "junction_lat": 51.7880964, "junction_lon": -1.2652899, "warning_lat": 51.788193, "warning_lon": -1.2654328, "danger_score": 0.8473, "junction_type": "Crossroads", "merge_type": "minor_to_major", "street_count": 4, "approach_bearing": 137.5, "road_name": "Jackson Road", "road_type": "residential", "major_road_class": 9, "minor_road_class": 2 }, "geometry": { "type": "Point", "coordinates": [ -1.2654328, 51.788193 ] } },
{ "type": "Feature", "properties": { "junction_id": 9455534392, "junction_lat": 51.7880964, "junction_lon": -1.2652899, "warning_lat": 51.7878958, "warning_lon": -1.265272, "danger_score": 0.8473, "junction_type": "Crossroads", "merge_type": "minor_to_major", "street_count": 4, "approach_bearing": 356.8, "road_name": "Jackson Road", "road_type": "residential", "major_road_class": 9, "minor_road_class": 2 }, "geometry": { "type": "Point", "coordinates": [ -1.265272, 51.7878958 ] } },
{ "type": "Feature", "properties": { "junction_id": 10069541056, "junction_lat": 51.7626654, "junction_lon": -1.1819157, "warning_lat": 51.7628493, "warning_lon": -1.1819872, "danger_score": 0.7369, "junction_type": "T-junction", "merge_type": "minor_to_major", "street_count": 3, "approach_bearing": 166.5, "road_name": "Merewood Avenue", "road_type": "residential", "major_road_class": 9, "minor_road_class": 2 }, "geometry": { "type": "Point", "coordinates": [ -1.1819872, 51.7628493 ] } },
{ "type": "Feature", "properties": { "junction_id": 10069541058, "junction_lat": 51.7628493, "junction_lon": -1.1819872, "warning_lat": 51.7628016, "warning_lon": -1.1818468, "danger_score": 0.856, "junction_type": "5-way", "merge_type": "minor_to_major", "street_count": 5, "approach_bearing": 298.8, "road_name": "Merewood Avenue", "road_type": "residential", "major_road_class": 9, "minor_road_class": 2 }, "geometry": { "type": "Point", "coordinates": [ -1.1818468, 51.7628016 ] } },
{ "type": "Feature", "properties": { "junction_id": 10069541058, "junction_lat": 51.7628493, "junction_lon": -1.1819872, "warning_lat": 51.7626654, "warning_lon": -1.1819157, "danger_score": 0.856, "junction_type": "5-way", "merge_type": "minor_to_major", "street_count": 5, "approach_bearing": 346.5, "road_name": "Merewood Avenue", "road_type": "residential", "major_road_class": 9, "minor_road_class": 2 }, "geometry": { "type": "Point", "coordinates": [ -1.1819157, 51.7626654 ] } },
{ "type": "Feature", "properties": { "junction_id": 10069541058, "junction_lat": 51.7628493, "junction_lon": -1.1819872, "warning_lat": 51.7629856, "warning_lon": -1.1820513, "danger_score": 0.856, "junction_type": "5-way", "merge_type": "minor_to_major", "street_count": 5, "approach_bearing": 163.8, "road_name": "Merewood Avenue", "road_type": "residential", "major_road_class": 9, "minor_road_class": 2 }, "geometry": { "type": "Point", "coordinates": [ -1.1820513, 51.7629856 ] } },
{ "type": "Feature", "properties": { "junction_id": 10596563019, "junction_lat": 51.7628643, "junction_lon": -1.1956595, "warning_lat": 51.7628317, "warning_lon": -1.1959234, "danger_score": 0.9433, "junction_type": "T-junction", "merge_type": "minor_to_major", "street_count": 3, "approach_bearing": 78.7, "road_name": "Unnamed", "road_type": "trunk_link", "major_road_class": 9, "minor_road_class": 0 }, "geometry": { "type": "Point", "coordinates": [ -1.1959234, 51.7628317 ] } },
{ "type": "Feature", "properties": { "junction_id": 11685829578, "junction_lat": 51.7712266, "junction_lon": -1.218707, "warning_lat": 51.7715308, "warning_lon": -1.2184411, "danger_score": 0.5995, "junction_type": "Crossroads", "merge_type": "minor_to_major", "street_count": 4, "approach_bearing": 208.4, "road_name": "Barton Fields Road", "road_type": "tertiary", "major_road_class": 9, "minor_road_class": 4 }, "geometry": { "type": "Point", "coordinates": [ -1.2184411, 51.7715308 ] } },
{ "type": "Feature", "properties": { "junction_id": 11685829578, "junction_lat": 51.7712266, "junction_lon": -1.218707, "warning_lat": 51.7711265, "warning_lon": -1.2188325, "danger_score": 0.5995, "junction_type": "Crossroads", "merge_type": "minor_to_major", "street_count": 4, "approach_bearing": 37.8, "road_name": "Unnamed", "road_type": "tertiary", "major_road_class": 9, "minor_road_class": 4 }, "geometry": { "type": "Point", "coordinates": [ -1.2188325, 51.7711265 ] } },
{ "type": "Feature", "properties": { "junction_id": 11688359054, "junction_lat": 51.7896112, "junction_lon": -1.2874965, "warning_lat": 51.789729, "warning_lon": -1.2874161, "danger_score": 0.8758, "junction_type": "Crossroads", "merge_type": "minor_to_major", "street_count": 4, "approach_bearing": 202.9, "road_name": "Unnamed", "road_type": "tertiary", "major_road_class": 9, "minor_road_class": 4 }, "geometry": { "type": "Point", "coordinates": [ -1.2874161, 51.789729 ] } },
{ "type": "Feature", "properties": { "junction_id": 11688359054, "junction_lat": 51.7896112, "junction_lon": -1.2874965, "warning_lat": 51.789015325601632, "warning_lon": -1.287862643511283, "danger_score": 0.8758, "junction_type": "Crossroads", "merge_type": "minor_to_major", "street_count": 4, "approach_bearing": 20.8, "road_name": "Lady White Crescent", "road_type": "residential", "major_road_class": 9, "minor_road_class": 2 }, "geometry": { "type": "Point", "coordinates": [ -1.287862643511283, 51.789015325601632 ] } },
{ "type": "Feature", "properties": { "junction_id": 11751666877, "junction_lat": 51.7916094, "junction_lon": -1.2833673, "warning_lat": 51.7915699, "warning_lon": -1.2835353, "danger_score": 0.7, "junction_type": "T-junction", "merge_type": "minor_to_major", "street_count": 3, "approach_bearing": 69.2, "road_name": "Thomas White Street", "road_type": "unclassified", "major_road_class": 9, "minor_road_class": 3 }, "geometry": { "type": "Point", "coordinates": [ -1.2835353, 51.7915699 ] } },
{ "type": "Feature", "properties": { "junction_id": 11751666882, "junction_lat": 51.7916221, "junction_lon": -1.2835612, "warning_lat": 51.7916602, "warning_lon": -1.283397, "danger_score": 0.7, "junction_type": "Crossroads", "merge_type": "minor_to_major", "street_count": 4, "approach_bearing": 249.4, "road_name": "Thomas White Street", "road_type": "unclassified", "major_road_class": 9, "minor_road_class": 3 }, "geometry": { "type": "Point", "coordinates": [ -1.283397, 51.7916602 ] } },
{ "type": "Feature", "properties": { "junction_id": 11751666888, "junction_lat": 51.7915699, "junction_lon": -1.2835353, "warning_lat": 51.7916094, "warning_lon": -1.2833673, "danger_score": 0.7153, "junction_type": "Crossroads", "merge_type": "minor_to_major", "street_count": 4, "approach_bearing": 249.2, "road_name": "Thomas White Street", "road_type": "unclassified", "major_road_class": 9, "minor_road_class": 3 }, "geometry": { "type": "Point", "coordinates": [ -1.2833673, 51.7916094 ] } },
{ "type": "Feature", "properties": { "junction_id": 12285689560, "junction_lat": 51.7916602, "junction_lon": -1.283397, "warning_lat": 51.7916221, "warning_lon": -1.2835612, "danger_score": 0.7023, "junction_type": "T-junction", "merge_type": "minor_to_major", "street_count": 3, "approach_bearing": 69.4, "road_name": "Thomas White Street", "road_type": "unclassified", "major_road_class": 9, "minor_road_class": 3 }, "geometry": { "type": "Point", "coordinates": [ -1.2835612, 51.7916221 ] } },
{ "type": "Feature", "properties": { "junction_id": 12386411712, "junction_lat": 51.7944019, "junction_lon": -1.2713684, "warning_lat": 51.794513086523331, "warning_lon": -1.2702927643955813, "danger_score": 0.7, "junction_type": "T-junction", "merge_type": "minor_to_major", "street_count": 3, "approach_bearing": 260.5, "road_name": "Frideswide Road", "road_type": "residential", "major_road_class": 8, "minor_road_class": 2 }, "geometry": { "type": "Point", "coordinates": [ -1.270292764395581, 51.794513086523331 ] } }
]
}
